--------------------------------------------------------
--  File created - Friday-January-24-2020   
--------------------------------------------------------
DROP TABLE "SCINVGSF"."T_CONCESIONARIO" cascade constraints;
DROP TABLE "SCINVGSF"."T_CONCESION" cascade constraints;
DROP TABLE "SCINVGSF"."T_CONTRATO" cascade constraints;
DROP TABLE "SCINVGSF"."T_FERIADO" cascade constraints;
-- Unable to render TABLE DDL for object SCINVGSF.T_CONCESIONARIO with DBMS_METADATA attempting internal generator.
ALTER TABLE SCINVGSF.T_CONCESIONARIO
ADD CONSTRAINT SYS_C008595 PRIMARY KEY 
(
  CNC_ID 
)
USING INDEX SYS_C0014939
ENABLECREATE UNIQUE INDEX SCINVGSF.SYS_C0014939 ON SCINVGSF.T_CONCESIONARIO (CNC_ID ASC) 
LOGGING 
TABLESPACE TSD_INDICES 
PCTFREE 10 
INITRANS 2 
STORAGE 
( 
  INITIAL 65536 
  NEXT 1048576 
  MINEXTENTS 1 
  MAXEXTENTS UNLIMITED 
  BUFFER_POOL DEFAULT 
) 
NOPARALLELCOMMENT ON COLUMN SCINVGSF.T_CONCESIONARIO.CNC_ID IS 'Identificador de registro';
COMMENT ON COLUMN SCINVGSF.T_CONCESIONARIO.CNC_NOMBRE IS 'Nombre descriptivo o descripción corta del registro';
COMMENT ON COLUMN SCINVGSF.T_CONCESIONARIO.CNC_DESCRIPCION IS 'Siglas';
COMMENT ON COLUMN SCINVGSF.T_CONCESIONARIO.CNC_ESTADO IS 'Estado del registro';
COMMENT ON COLUMN SCINVGSF.T_CONCESIONARIO.CNC_TELEFONO IS 'Teléfono';
COMMENT ON COLUMN SCINVGSF.T_CONCESIONARIO.CNC_TERMINAL IS 'IP que realiza la acción';
COMMENT ON COLUMN SCINVGSF.T_CONCESIONARIO.CNC_DIRECCION IS 'Dirección ';
COMMENT ON COLUMN SCINVGSF.T_CONCESIONARIO.CNC_CORREO IS 'Correo electrónico';
COMMENT ON COLUMN SCINVGSF.T_CONCESIONARIO.CNC_REPRESENTANTE_LEGAL IS 'Nombre del representante legal';
COMMENT ON COLUMN SCINVGSF.T_CONCESIONARIO.CNC_FECHA_ALTA IS 'Fecha de ingreso del registro';
COMMENT ON COLUMN SCINVGSF.T_CONCESIONARIO.CNC_USUARIO_ALTA IS 'Usuario que ingresa el registro';
COMMENT ON COLUMN SCINVGSF.T_CONCESIONARIO.CNC_FECHA_CAMBIO IS 'Fecha de última modificación del registro';
COMMENT ON COLUMN SCINVGSF.T_CONCESIONARIO.CNC_USUARIO_CAMBIO IS 'Último usuario que modifica el registro';
COMMENT ON COLUMN SCINVGSF.T_CONCESIONARIO.CNC_FECHA_BAJA IS 'Fecha de anulación del registro';
COMMENT ON COLUMN SCINVGSF.T_CONCESIONARIO.CNC_USUARIO_BAJA IS 'Usuario que anula el registro';
COMMENT ON COLUMN SCINVGSF.T_CONCESIONARIO.CNC_NRO_DOCUMENTO IS 'Número de Documento';
COMMENT ON COLUMN SCINVGSF.T_CONCESIONARIO.TDO_ID IS 'Identificador de registro';ALTER TABLE SCINVGSF.T_CONCESIONARIO
ADD CONSTRAINT SYS_C008896 FOREIGN KEY
(
  TDO_ID 
)
REFERENCES SCINVGSF.T_TIPO_DOCUMENTO
(
  TDO_ID 
)
ENABLECREATE TABLE SCINVGSF.T_CONCESIONARIO 
(
  CNC_ID NUMBER NOT NULL 
, CNC_NOMBRE VARCHAR2(100 BYTE) NOT NULL 
, CNC_DESCRIPCION VARCHAR2(4000 BYTE) NOT NULL 
, CNC_SIGLAS VARCHAR2(5 BYTE) 
, CNC_ESTADO NUMBER NOT NULL 
, CNC_TELEFONO VARCHAR2(15 BYTE) 
, CNC_TERMINAL VARCHAR2(20 BYTE) 
, CNC_DIRECCION VARCHAR2(300 BYTE) 
, CNC_CORREO VARCHAR2(100 BYTE) 
, CNC_REPRESENTANTE_LEGAL VARCHAR2(50 BYTE) NOT NULL 
, CNC_FECHA_ALTA DATE 
, CNC_USUARIO_ALTA VARCHAR2(20 BYTE) 
, CNC_FECHA_CAMBIO DATE 
, CNC_USUARIO_CAMBIO VARCHAR2(20 BYTE) 
, CNC_FECHA_BAJA DATE 
, CNC_USUARIO_BAJA VARCHAR2(20 BYTE) 
, CNC_NRO_DOCUMENTO VARCHAR2(20 BYTE) 
, TDO_ID NUMBER 
) 
LOGGING 
TABLESPACE TSD_INVGSF 
PCTFREE 10 
INITRANS 1 
STORAGE 
( 
  INITIAL 65536 
  NEXT 1048576 
  MINEXTENTS 1 
  MAXEXTENTS UNLIMITED 
  BUFFER_POOL DEFAULT 
) 
NOCOMPRESS 
NOPARALLELCOMMENT ON TABLE SCINVGSF.T_CONCESIONARIO IS 'Tabla de Concecionarios'
-- Unable to render TABLE DDL for object SCINVGSF.T_CONCESION with DBMS_METADATA attempting internal generator.
ALTER TABLE SCINVGSF.T_CONCESION
ADD CONSTRAINT SYS_C008590 PRIMARY KEY 
(
  CSI_ID 
, TIN_ID 
)
USING INDEX SYS_C0014897
ENABLECREATE UNIQUE INDEX SCINVGSF.SYS_C0014897 ON SCINVGSF.T_CONCESION (CSI_ID ASC, TIN_ID ASC) 
LOGGING 
TABLESPACE TSD_INDICES 
PCTFREE 10 
INITRANS 2 
STORAGE 
( 
  INITIAL 65536 
  NEXT 1048576 
  MINEXTENTS 1 
  MAXEXTENTS UNLIMITED 
  BUFFER_POOL DEFAULT 
) 
NOPARALLELCOMMENT ON COLUMN SCINVGSF.T_CONCESION.CSI_ID IS 'Identificador del registro';
COMMENT ON COLUMN SCINVGSF.T_CONCESION.TIN_ID IS 'Tipo de Infraestructura';
COMMENT ON COLUMN SCINVGSF.T_CONCESION.CSI_NOMBRE IS 'Nombre';
COMMENT ON COLUMN SCINVGSF.T_CONCESION.CSI_ESTADO IS 'Estado del registro';
COMMENT ON COLUMN SCINVGSF.T_CONCESION.CSI_FECHA_ALTA IS 'Número de documento de Identidad ';
COMMENT ON COLUMN SCINVGSF.T_CONCESION.CSI_USUARIO_ALTA IS 'Usuario que ingresa el registro';
COMMENT ON COLUMN SCINVGSF.T_CONCESION.CSI_FECHA_CAMBIO IS 'Fecha de última modificación del registro';
COMMENT ON COLUMN SCINVGSF.T_CONCESION.CSI_USUARIO_CAMBIO IS 'Último usuario que modifica el registro';
COMMENT ON COLUMN SCINVGSF.T_CONCESION.CSI_FECHA_BAJA IS 'Fecha de anulación del registro';
COMMENT ON COLUMN SCINVGSF.T_CONCESION.CSI_USUARIO_BAJA IS 'Usuario que anula el registro';
COMMENT ON COLUMN SCINVGSF.T_CONCESION.CSI_TERMINAL IS 'IP que realiza la acción';ALTER TABLE SCINVGSF.T_CONCESION
ADD CONSTRAINT SYS_C008895 FOREIGN KEY
(
  TIN_ID 
)
REFERENCES SCINVGSF.T_INFRAESTRUCTURA_TIPO
(
  TIN_ID 
)
ENABLECREATE TABLE SCINVGSF.T_CONCESION 
(
  CSI_ID NUMBER NOT NULL 
, TIN_ID NUMBER NOT NULL 
, CSI_NOMBRE VARCHAR2(500 BYTE) NOT NULL 
, CSI_ESTADO NUMBER NOT NULL 
, CSI_FECHA_ALTA DATE 
, CSI_USUARIO_ALTA VARCHAR2(20 BYTE) 
, CSI_FECHA_CAMBIO DATE 
, CSI_USUARIO_CAMBIO VARCHAR2(20 BYTE) 
, CSI_FECHA_BAJA DATE 
, CSI_USUARIO_BAJA VARCHAR2(20 BYTE) 
, CSI_TERMINAL VARCHAR2(20 BYTE) 
) 
LOGGING 
TABLESPACE TSD_INVGSF 
PCTFREE 10 
INITRANS 1 
STORAGE 
( 
  INITIAL 65536 
  NEXT 1048576 
  MINEXTENTS 1 
  MAXEXTENTS UNLIMITED 
  BUFFER_POOL DEFAULT 
) 
NOCOMPRESS 
NOPARALLELCOMMENT ON TABLE SCINVGSF.T_CONCESION IS 'Guarda la concesión'
-- Unable to render TABLE DDL for object SCINVGSF.T_CONTRATO with DBMS_METADATA attempting internal generator.
ALTER TABLE SCINVGSF.T_CONTRATO
ADD CONSTRAINT SYS_C008601 PRIMARY KEY 
(
  CON_ID 
)
USING INDEX SYS_C0014955
ENABLECREATE UNIQUE INDEX SCINVGSF.SYS_C0014955 ON SCINVGSF.T_CONTRATO (CON_ID ASC) 
LOGGING 
TABLESPACE TSD_INDICES 
PCTFREE 10 
INITRANS 2 
STORAGE 
( 
  INITIAL 65536 
  NEXT 1048576 
  MINEXTENTS 1 
  MAXEXTENTS UNLIMITED 
  BUFFER_POOL DEFAULT 
) 
NOPARALLELCOMMENT ON COLUMN SCINVGSF.T_CONTRATO.CON_ID IS 'Código del Contrato';
COMMENT ON COLUMN SCINVGSF.T_CONTRATO.CON_NUMERO IS 'Número HR';
COMMENT ON COLUMN SCINVGSF.T_CONTRATO.MCO_ID IS 'Modalidad de Concesion';
COMMENT ON COLUMN SCINVGSF.T_CONTRATO.CNC_ID IS 'Concesionario';
COMMENT ON COLUMN SCINVGSF.T_CONTRATO.CON_ESTADO IS 'Estado del registro';
COMMENT ON COLUMN SCINVGSF.T_CONTRATO.CON_FECHA_ALTA IS 'Fecha de ingreso del registro';
COMMENT ON COLUMN SCINVGSF.T_CONTRATO.CON_USUARIO_ALTA IS 'Usuario que ingresa el registro';
COMMENT ON COLUMN SCINVGSF.T_CONTRATO.CON_FECHA_CAMBIO IS 'Fecha de última modificación del registro';
COMMENT ON COLUMN SCINVGSF.T_CONTRATO.CON_USUARIO_CAMBIO IS 'Último usuario que modifica el registro';
COMMENT ON COLUMN SCINVGSF.T_CONTRATO.CON_FECHA_BAJA IS 'Fecha de anulación del registro';
COMMENT ON COLUMN SCINVGSF.T_CONTRATO.CON_USUARIO_BAJA IS 'Usuario que anula el registro';
COMMENT ON COLUMN SCINVGSF.T_CONTRATO.CON_TIPODIAS IS 'Tipo de días que se utilizan para el cáculo del plazo de inversión
Ej. 0 para calendario, 1 para útiles';
COMMENT ON COLUMN SCINVGSF.T_CONTRATO.CON_PLAZOCONCESION IS 'Plazo de concesión sera eñ resultado de multiplicar con_cantidad_plazoconcesion y con_mesonanio_plazoconcesion
';
COMMENT ON COLUMN SCINVGSF.T_CONTRATO.CON_PDFCONTRATO IS 'Ruta donde se encuentra el archivo físico del contrato. Normalmente un archivo .pdf';
COMMENT ON COLUMN SCINVGSF.T_CONTRATO.CON_FICHARESUMEN IS 'Ruta donde se encuentra la ficha resumen. Normalmente un archivo .pdf';
COMMENT ON COLUMN SCINVGSF.T_CONTRATO.CON_AVANCEOBRA IS '¿Aplicar avance de Obra?
0: Si
1: No';
COMMENT ON COLUMN SCINVGSF.T_CONTRATO.CON_ANYO IS 'Año del contrato';
COMMENT ON COLUMN SCINVGSF.T_CONTRATO.CON_FECHA_REGISTRO IS 'Fecha de registro del contrato';
COMMENT ON COLUMN SCINVGSF.T_CONTRATO.CON_ASUNTO IS 'Asunto';
COMMENT ON COLUMN SCINVGSF.T_CONTRATO.TIN_ID IS 'Tipo de Infraestructura';
COMMENT ON COLUMN SCINVGSF.T_CONTRATO.CON_TERMINAL IS 'IP de la terminal desde donde se realiza la acción.';
COMMENT ON COLUMN SCINVGSF.T_CONTRATO.CON_DOMICILIO_LEGAL IS 'Domicilio legal';
COMMENT ON COLUMN SCINVGSF.T_CONTRATO.CSI_ID IS 'Código de concesión';
COMMENT ON COLUMN SCINVGSF.T_CONTRATO.CON_FECHA_SUSCRIPCION IS 'Fecha de suscripción del contrato';
COMMENT ON COLUMN SCINVGSF.T_CONTRATO.CON_DIAMES IS 'Si Periodo es "Dia del mes" en este atributo se guarda el número del día del mes en que se debe informar el avance de obra.';
COMMENT ON COLUMN SCINVGSF.T_CONTRATO.PER_ID IS 'Periodo';
COMMENT ON COLUMN SCINVGSF.T_CONTRATO.CON_PLAZOREVISION IS 'Cantidad de días de plazo de revisión para reconocimiento del reporte de avance de obra';
COMMENT ON COLUMN SCINVGSF.T_CONTRATO.CON_CANTIDAD_PLAZOCONCESION IS 'Cantidad expresado en numeros del plazo de la concesion';
COMMENT ON COLUMN SCINVGSF.T_CONTRATO.CON_MESOANIO_PLAZOCONCESION IS 'mes o anio expresado en numeros(mes=30;anio=365)';
COMMENT ON COLUMN SCINVGSF.T_CONTRATO.CON_NOTA_PLAZOCONCESION IS 'descripcion adicional del plazo de concesion';ALTER TABLE SCINVGSF.T_CONTRATO
ADD CONSTRAINT SYS_C008897 FOREIGN KEY
(
  MCO_ID 
)
REFERENCES SCINVGSF.T_MODALIDAD_CONCESION
(
  MCO_ID 
)
ENABLE
ALTER TABLE SCINVGSF.T_CONTRATO
ADD CONSTRAINT SYS_C008898 FOREIGN KEY
(
  CNC_ID 
)
REFERENCES SCINVGSF.T_CONCESIONARIO
(
  CNC_ID 
)
ENABLE
ALTER TABLE SCINVGSF.T_CONTRATO
ADD CONSTRAINT SYS_C008900 FOREIGN KEY
(
  PER_ID 
)
REFERENCES SCINVGSF.T_PERIODO
(
  PER_ID 
)
ENABLE
ALTER TABLE SCINVGSF.T_CONTRATO
ADD CONSTRAINT SYS_C008901 FOREIGN KEY
(
  TIN_ID 
)
REFERENCES SCINVGSF.T_INFRAESTRUCTURA_TIPO
(
  TIN_ID 
)
ENABLECREATE TABLE SCINVGSF.T_CONTRATO 
(
  CON_ID NUMBER NOT NULL 
, CON_NUMERO NUMBER NOT NULL 
, MCO_ID NUMBER NOT NULL 
, CNC_ID NUMBER 
, CON_ESTADO NUMBER NOT NULL 
, CON_FECHA_ALTA DATE 
, CON_USUARIO_ALTA VARCHAR2(100 BYTE) 
, CON_FECHA_CAMBIO DATE 
, CON_USUARIO_CAMBIO VARCHAR2(100 BYTE) 
, CON_FECHA_BAJA DATE 
, CON_USUARIO_BAJA VARCHAR2(100 BYTE) 
, CON_TIPODIAS NUMBER(1, 0) 
, CON_PLAZOCONCESION DATE 
, CON_PDFCONTRATO VARCHAR2(255 BYTE) 
, CON_FICHARESUMEN VARCHAR2(255 BYTE) 
, CON_AVANCEOBRA NUMBER(1, 0) 
, CON_ANYO NUMBER(4, 0) NOT NULL 
, CON_FECHA_REGISTRO DATE 
, CON_ASUNTO VARCHAR2(4000 BYTE) NOT NULL 
, TIN_ID NUMBER 
, CON_TERMINAL VARCHAR2(20 BYTE) 
, CON_DOMICILIO_LEGAL VARCHAR2(300 BYTE) 
, CSI_ID NUMBER 
, CON_FECHA_SUSCRIPCION DATE 
, CON_DIAMES NUMBER(2, 0) 
, PER_ID NUMBER(6, 0) 
, CON_PLAZOREVISION NUMBER 
, CON_CANTIDAD_PLAZOCONCESION NUMBER 
, CON_MESOANIO_PLAZOCONCESION NUMBER 
, CON_NOTA_PLAZOCONCESION VARCHAR2(4000 BYTE) 
, CON_FECHA_INI_ALERTA DATE 
, CON_DIAS_ANTES_ALERTA NUMBER 
) 
LOGGING 
TABLESPACE TSD_INVGSF 
PCTFREE 10 
INITRANS 1 
STORAGE 
( 
  INITIAL 65536 
  NEXT 1048576 
  MINEXTENTS 1 
  MAXEXTENTS UNLIMITED 
  BUFFER_POOL DEFAULT 
) 
NOCOMPRESS 
NOPARALLELCOMMENT ON TABLE SCINVGSF.T_CONTRATO IS 'Maestro de Contrato'
-- Unable to render TABLE DDL for object SCINVGSF.T_FERIADO with DBMS_METADATA attempting internal generator.
ALTER TABLE SCINVGSF.T_FERIADO
ADD CONSTRAINT SYS_C009062 PRIMARY KEY 
(
  FER_ID 
)
USING INDEX SYS_C009062
ENABLECREATE UNIQUE INDEX SCINVGSF.SYS_C009062 ON SCINVGSF.T_FERIADO (FER_ID ASC) 
LOGGING 
TABLESPACE TSD_INDICES 
PCTFREE 10 
INITRANS 2 
STORAGE 
( 
  INITIAL 65536 
  NEXT 1048576 
  MINEXTENTS 1 
  MAXEXTENTS UNLIMITED 
  BUFFER_POOL DEFAULT 
) 
NOPARALLELCOMMENT ON COLUMN SCINVGSF.T_FERIADO.FER_ID IS 'Identificador del feriado';
COMMENT ON COLUMN SCINVGSF.T_FERIADO.FER_TIPO IS 'Tipo de feriado. 
0 Para Fijo
1 Para Variable

Un feriado fijo es el que ya está definido en el calendario y a lo largo del tiempo no varía. Ej. 1/1, 28/7, 8/10

Un feriado variable es que se establece por decreto o de acuerdo a otros motivos por ejemplo religiosos. Ej. Semana Santa';
COMMENT ON COLUMN SCINVGSF.T_FERIADO.FER_ANYO IS 'Año del feriado. 
Si el Tipo es 0 (Fijo) el valor del año va en Nulo.
Si el Tipo es 1 (Variable) es obligatorio llenar este valor';
COMMENT ON COLUMN SCINVGSF.T_FERIADO.FER_MES IS 'Mes del Feriado. Valores posibles; entre 1 y 12. 
Ej. 1, 2, 4, 7';
COMMENT ON COLUMN SCINVGSF.T_FERIADO.FER_DIA IS 'Día de mes del feriado. Valores posibles, Entre 1 y 31
Ej. 1, 27, 28, 8. 

';CREATE TABLE SCINVGSF.T_FERIADO 
(
  FER_ID NUMBER NOT NULL 
, FER_TIPO NUMBER(1, 0) NOT NULL 
, FER_ANYO NUMBER(4, 0) 
, FER_MES NUMBER(2, 0) NOT NULL 
, FER_DIA NUMBER(2, 0) NOT NULL 
) 
LOGGING 
TABLESPACE TSD_INVGSF 
PCTFREE 10 
INITRANS 1 
STORAGE 
( 
  INITIAL 65536 
  NEXT 1048576 
  MINEXTENTS 1 
  MAXEXTENTS UNLIMITED 
  BUFFER_POOL DEFAULT 
) 
NOCOMPRESS 
NOPARALLELCOMMENT ON TABLE SCINVGSF.T_FERIADO IS 'Maestro de Feriados'
REM INSERTING into SCINVGSF.T_CONCESIONARIO
SET DEFINE OFF;
Insert into SCINVGSF.T_CONCESIONARIO (CNC_ID,CNC_NOMBRE,CNC_DESCRIPCION,CNC_SIGLAS,CNC_ESTADO,CNC_TELEFONO,CNC_TERMINAL,CNC_DIRECCION,CNC_CORREO,CNC_REPRESENTANTE_LEGAL,CNC_FECHA_ALTA,CNC_USUARIO_ALTA,CNC_FECHA_CAMBIO,CNC_USUARIO_CAMBIO,CNC_FECHA_BAJA,CNC_USUARIO_BAJA,CNC_NRO_DOCUMENTO,TDO_ID) values (1,'LIMA AIRPORT PARTNERS S.R.L. ','Concesión de Aeropuerto Internacional Jorge Chávez','LAP',1,'0','100.134.1.113','AV. ELMER FAUCETT NRO. SN  (AEROPUERTO INTERNACIONAL JORGE CHAVEZ) PROV. CONST. DEL CALLAO PROV. CONST. DEL CALLAO CALLAO                       ','0','JUAN JOSÉ SALMÓN',to_date('22-FEB-16','DD-MON-RR'),'LPEREZ',null,null,null,null,'20501577252',2);
Insert into SCINVGSF.T_CONCESIONARIO (CNC_ID,CNC_NOMBRE,CNC_DESCRIPCION,CNC_SIGLAS,CNC_ESTADO,CNC_TELEFONO,CNC_TERMINAL,CNC_DIRECCION,CNC_CORREO,CNC_REPRESENTANTE_LEGAL,CNC_FECHA_ALTA,CNC_USUARIO_ALTA,CNC_FECHA_CAMBIO,CNC_USUARIO_CAMBIO,CNC_FECHA_BAJA,CNC_USUARIO_BAJA,CNC_NRO_DOCUMENTO,TDO_ID) values (2,'AEROPUERTOS DEL PERÚ S.A. ','Concesión de Primer Grupo de Aeropuertos de Provincia de la República del Perú','ADP',1,'0','100.134.1.113','JR. DOMENICO MORELLI NRO. 110 INT. 301  (OF.301 TERCER PISO - LA RAMBLA) LIMA LIMA SAN BORJA                    ','0','JULIAN ALBERTO NAVARRO',to_date('22-FEB-16','DD-MON-RR'),'LPEREZ',null,null,null,null,'20514513172',2);
Insert into SCINVGSF.T_CONCESIONARIO (CNC_ID,CNC_NOMBRE,CNC_DESCRIPCION,CNC_SIGLAS,CNC_ESTADO,CNC_TELEFONO,CNC_TERMINAL,CNC_DIRECCION,CNC_CORREO,CNC_REPRESENTANTE_LEGAL,CNC_FECHA_ALTA,CNC_USUARIO_ALTA,CNC_FECHA_CAMBIO,CNC_USUARIO_CAMBIO,CNC_FECHA_BAJA,CNC_USUARIO_BAJA,CNC_NRO_DOCUMENTO,TDO_ID) values (3,'AEROPUERTOS ANDINOS DEL PERÚ S.A.','CONCESIÓN DEL SEGUNDO GRUPO DE AEROPUERTOS DE PROVINCIA DE LA REPÚBLICA DEL PERÚ','AAP',1,'640-7230','100.134.1.113','AV. MARISCAL JOSE DE LA MAR NRO. 1263 INT. 601 URB. SANTA CRUZ LIMA LIMA MIRAFLORES                   ','mario.galvez@aap.com.pe','MARIO GALVEZ ABAD',to_date('22-FEB-16','DD-MON-RR'),'LPEREZ',null,null,null,null,'20538593053',2);
Insert into SCINVGSF.T_CONCESIONARIO (CNC_ID,CNC_NOMBRE,CNC_DESCRIPCION,CNC_SIGLAS,CNC_ESTADO,CNC_TELEFONO,CNC_TERMINAL,CNC_DIRECCION,CNC_CORREO,CNC_REPRESENTANTE_LEGAL,CNC_FECHA_ALTA,CNC_USUARIO_ALTA,CNC_FECHA_CAMBIO,CNC_USUARIO_CAMBIO,CNC_FECHA_BAJA,CNC_USUARIO_BAJA,CNC_NRO_DOCUMENTO,TDO_ID) values (4,'SOCIEDAD AEROPORTUARIA KUNTUR WASI S.A.','Concesión de Nuevo Aeropuerto Internacional de Chinchero - Cusco (AICC)','KWA',1,'0','100.134.1.113','AV. FELIPE PARDO Y ALIAGA NRO. 675 INT. 401 URB. SANTA CRUZ  - SAN ISIDRO','0','JOSE CARLOS BALTA DEL RIO ',to_date('22-FEB-16','DD-MON-RR'),'LPEREZ',null,null,null,null,'20562876473',2);
Insert into SCINVGSF.T_CONCESIONARIO (CNC_ID,CNC_NOMBRE,CNC_DESCRIPCION,CNC_SIGLAS,CNC_ESTADO,CNC_TELEFONO,CNC_TERMINAL,CNC_DIRECCION,CNC_CORREO,CNC_REPRESENTANTE_LEGAL,CNC_FECHA_ALTA,CNC_USUARIO_ALTA,CNC_FECHA_CAMBIO,CNC_USUARIO_CAMBIO,CNC_FECHA_BAJA,CNC_USUARIO_BAJA,CNC_NRO_DOCUMENTO,TDO_ID) values (5,'NORVIAL S.A.','Concesión de Red Vial Nº 5: Tramo Ancón-Huacho-Pativilca','NOR',1,'0','100.134.1.113','AV. PASEO DE LA REPUBLICA NRO. 4675  (ALT. PUENTE ANGAMOS) LIMA LIMA SURQUILLO                    ','jbustamante@norvial.com.pe','JORGE BUSTAMANTE RODRIGUEZ',to_date('22-FEB-16','DD-MON-RR'),'LPEREZ',null,null,null,null,'20505377142',2);
Insert into SCINVGSF.T_CONCESIONARIO (CNC_ID,CNC_NOMBRE,CNC_DESCRIPCION,CNC_SIGLAS,CNC_ESTADO,CNC_TELEFONO,CNC_TERMINAL,CNC_DIRECCION,CNC_CORREO,CNC_REPRESENTANTE_LEGAL,CNC_FECHA_ALTA,CNC_USUARIO_ALTA,CNC_FECHA_CAMBIO,CNC_USUARIO_CAMBIO,CNC_FECHA_BAJA,CNC_USUARIO_BAJA,CNC_NRO_DOCUMENTO,TDO_ID) values (6,'CONCESIONARIA IIRSA NORTE S.A.','Concesión de Eje Multimodal del Amazonas Norte: Tramo Yurimaguas ¿ Tarapoto ¿ Rioja - Corral Quemado ¿ Olmos ¿ Piura ¿ Paita','ISN',1,'0','100.134.1.113','AV. VICTOR ANDRES BELAUNDE NRO. 280 INT. 502  LIMA LIMA SAN ISIDRO                   ','0','GERMAN VANEGAS VARGAS',to_date('22-FEB-16','DD-MON-RR'),'LPEREZ',null,null,null,null,'20511004251',2);
Insert into SCINVGSF.T_CONCESIONARIO (CNC_ID,CNC_NOMBRE,CNC_DESCRIPCION,CNC_SIGLAS,CNC_ESTADO,CNC_TELEFONO,CNC_TERMINAL,CNC_DIRECCION,CNC_CORREO,CNC_REPRESENTANTE_LEGAL,CNC_FECHA_ALTA,CNC_USUARIO_ALTA,CNC_FECHA_CAMBIO,CNC_USUARIO_CAMBIO,CNC_FECHA_BAJA,CNC_USUARIO_BAJA,CNC_NRO_DOCUMENTO,TDO_ID) values (7,'CONCESIÓN CANCHAQUE S.A.C','Concesión de Empalme 1B - Buenos Aires - Canchaque','CAN',1,'0','100.134.1.113','AV. PASEO DE LA REPUBLICA NRO. 4675 DPTO. 10  LIMA LIMA SURQUILLO                    ','0','CARLOS PIMENTEL BARRIO DE MENDOZA',to_date('22-FEB-16','DD-MON-RR'),'LPEREZ',null,null,null,null,'20515121201',2);
Insert into SCINVGSF.T_CONCESIONARIO (CNC_ID,CNC_NOMBRE,CNC_DESCRIPCION,CNC_SIGLAS,CNC_ESTADO,CNC_TELEFONO,CNC_TERMINAL,CNC_DIRECCION,CNC_CORREO,CNC_REPRESENTANTE_LEGAL,CNC_FECHA_ALTA,CNC_USUARIO_ALTA,CNC_FECHA_CAMBIO,CNC_USUARIO_CAMBIO,CNC_FECHA_BAJA,CNC_USUARIO_BAJA,CNC_NRO_DOCUMENTO,TDO_ID) values (9,'CONSORCIO CONCESIÓN CHANCAY - ACOS S.A.','Concesión de Tramo Vial - Ovalo Chancay - Huaral - Acos','CCA',1,'0','100.134.1.113','CAL. ANDRÉS REYES NRO. 437 INT. 201  LIMA LIMA SAN ISIDRO                   ','farboleda@conalvias.com.pe','FRANCISCO ARBOLEDA GOENAGA',to_date('22-FEB-16','DD-MON-RR'),'LPEREZ',null,null,null,null,'20521011239',2);
Insert into SCINVGSF.T_CONCESIONARIO (CNC_ID,CNC_NOMBRE,CNC_DESCRIPCION,CNC_SIGLAS,CNC_ESTADO,CNC_TELEFONO,CNC_TERMINAL,CNC_DIRECCION,CNC_CORREO,CNC_REPRESENTANTE_LEGAL,CNC_FECHA_ALTA,CNC_USUARIO_ALTA,CNC_FECHA_CAMBIO,CNC_USUARIO_CAMBIO,CNC_FECHA_BAJA,CNC_USUARIO_BAJA,CNC_NRO_DOCUMENTO,TDO_ID) values (10,'OBRAINSA CONCESIÓN VALLE DEL ZAÑA S.A.','Concesión de Tramo Vial - Nuevo Mocupe - Cayaltí - Oyotún','OBR',1,'0','100.134.1.113','AV. EMILIO CAVENECIA NRO. 225 INT. 111  LIMA LIMA SAN ISIDRO                   ','Graham.searles@obrainsa.com.pe','GRAHAN SEARLES RODEN',to_date('22-FEB-16','DD-MON-RR'),'LPEREZ',null,null,null,null,'20521542943',2);
Insert into SCINVGSF.T_CONCESIONARIO (CNC_ID,CNC_NOMBRE,CNC_DESCRIPCION,CNC_SIGLAS,CNC_ESTADO,CNC_TELEFONO,CNC_TERMINAL,CNC_DIRECCION,CNC_CORREO,CNC_REPRESENTANTE_LEGAL,CNC_FECHA_ALTA,CNC_USUARIO_ALTA,CNC_FECHA_CAMBIO,CNC_USUARIO_CAMBIO,CNC_FECHA_BAJA,CNC_USUARIO_BAJA,CNC_NRO_DOCUMENTO,TDO_ID) values (11,'CONCESIONARIA VIAL DEL SOL S.A. ','Concesión de Autopista del Sol, Tramo Trujillo-Sullana','COV',1,'0','100.134.1.113','PJ. HUAURA NRO. 198 URB. SANTA VICTORIA LAMBAYEQUE CHICLAYO CHICLAYO                     ','psanchez@covisol.com.pe','PATRICIA SÁNCHEZ VILLAFUERTE',to_date('22-FEB-16','DD-MON-RR'),'LPEREZ',null,null,null,null,'20522547957',2);
Insert into SCINVGSF.T_CONCESIONARIO (CNC_ID,CNC_NOMBRE,CNC_DESCRIPCION,CNC_SIGLAS,CNC_ESTADO,CNC_TELEFONO,CNC_TERMINAL,CNC_DIRECCION,CNC_CORREO,CNC_REPRESENTANTE_LEGAL,CNC_FECHA_ALTA,CNC_USUARIO_ALTA,CNC_FECHA_CAMBIO,CNC_USUARIO_CAMBIO,CNC_FECHA_BAJA,CNC_USUARIO_BAJA,CNC_NRO_DOCUMENTO,TDO_ID) values (12,'DESARROLLO VIAL DE LOS ANDES S.A.C.','Concesión de IIRSA Centro,Tramo 2: Puente Ricardo Palma - La Oroya - Huancayo - Dv Cerro de Pasco','DEV',1,'0','100.134.1.113','CAL. GENERAL RECAVARREN NRO. 111 INT. 603  (ALTURA CDRA 5 AV. JOSE PARDO) LIMA LIMA MIRAFLORES                   ','l.dalfonso@deviandes.com','LUIGUI D ALFONSO CROVETTO',to_date('22-FEB-16','DD-MON-RR'),'LPEREZ',null,null,null,null,'20537464543',2);
Insert into SCINVGSF.T_CONCESIONARIO (CNC_ID,CNC_NOMBRE,CNC_DESCRIPCION,CNC_SIGLAS,CNC_ESTADO,CNC_TELEFONO,CNC_TERMINAL,CNC_DIRECCION,CNC_CORREO,CNC_REPRESENTANTE_LEGAL,CNC_FECHA_ALTA,CNC_USUARIO_ALTA,CNC_FECHA_CAMBIO,CNC_USUARIO_CAMBIO,CNC_FECHA_BAJA,CNC_USUARIO_BAJA,CNC_NRO_DOCUMENTO,TDO_ID) values (13,'CONCESIONARIA VIAL SIERRA NORTE S.A.','Concesión de Longitudinal de la Sierra Tramo 2: Ciudad de Dios-Cajamarca-Chiple, Cajamarca-Trujillo y Dv. Chilete-Emp. PE-3N1','CSN',1,'0','100.134.1.113','CAL. CORONEL ANDRES REYES NRO. 437 INT. 301 URB. JARDIN LIMA LIMA SAN ISIDRO                   ','jdvoaderp@sacyr.com','JESÚS VIADERO CANALES',to_date('22-FEB-16','DD-MON-RR'),'LPEREZ',null,null,null,null,'20557644416',2);
Insert into SCINVGSF.T_CONCESIONARIO (CNC_ID,CNC_NOMBRE,CNC_DESCRIPCION,CNC_SIGLAS,CNC_ESTADO,CNC_TELEFONO,CNC_TERMINAL,CNC_DIRECCION,CNC_CORREO,CNC_REPRESENTANTE_LEGAL,CNC_FECHA_ALTA,CNC_USUARIO_ALTA,CNC_FECHA_CAMBIO,CNC_USUARIO_CAMBIO,CNC_FECHA_BAJA,CNC_USUARIO_BAJA,CNC_NRO_DOCUMENTO,TDO_ID) values (14,'CONCESIONARIA VIAL DEL PERÚ S.A. ','Concesión de Red Vial 6: Tramo Vial Puente Pucusana - Cerro Azul ¿ Ica','CVP',1,'0','100.134.1.113','AV. JAVIER PRADO ESTE NRO. 4109 INT. 2,3 URB. SANTA CONSTANZA (FRENTE AL JOCKEY PLAZA) LIMA LIMA SANTIAGO DE SURCO            ','wsanchez@coviperu.com','WALTER SÁNCHEZ ESPINOZA',to_date('22-FEB-16','DD-MON-RR'),'LPEREZ',null,null,null,null,'20511465061',2);
Insert into SCINVGSF.T_CONCESIONARIO (CNC_ID,CNC_NOMBRE,CNC_DESCRIPCION,CNC_SIGLAS,CNC_ESTADO,CNC_TELEFONO,CNC_TERMINAL,CNC_DIRECCION,CNC_CORREO,CNC_REPRESENTANTE_LEGAL,CNC_FECHA_ALTA,CNC_USUARIO_ALTA,CNC_FECHA_CAMBIO,CNC_USUARIO_CAMBIO,CNC_FECHA_BAJA,CNC_USUARIO_BAJA,CNC_NRO_DOCUMENTO,TDO_ID) values (15,'CONCESIONARIA INTEROCEANICA SUR - TRAMO 2 S.A.','Concesión de Corredor Vial Interoceánico Sur Perú -Brasil, Tramo 2 : Urcos-Inambari','IT2',1,'0','100.134.1.113','AV. VICTOR ANDRES BELAUNDE NRO. 280 INT. 502 URB. EL ROSARIO LIMA LIMA SAN ISIDRO                   ','0','BIAGGIO SERGIO CAROLLO',to_date('22-FEB-16','DD-MON-RR'),'LPEREZ',null,null,null,null,'20511125040',2);
Insert into SCINVGSF.T_CONCESIONARIO (CNC_ID,CNC_NOMBRE,CNC_DESCRIPCION,CNC_SIGLAS,CNC_ESTADO,CNC_TELEFONO,CNC_TERMINAL,CNC_DIRECCION,CNC_CORREO,CNC_REPRESENTANTE_LEGAL,CNC_FECHA_ALTA,CNC_USUARIO_ALTA,CNC_FECHA_CAMBIO,CNC_USUARIO_CAMBIO,CNC_FECHA_BAJA,CNC_USUARIO_BAJA,CNC_NRO_DOCUMENTO,TDO_ID) values (17,'INTERSUR CONCESIONES S.A.','Concesión de Corredor Vial Interoceánico Sur Perú -Brasil, Tramo 4: Azángaro-Inambari','ITS',1,'0','100.134.1.113','CAL. CORONEL ANDRES REYES NRO. 360 INT. 401B URB. JARDIN LIMA LIMA SAN ISIDRO                   ','0','LUIS COHEN SOPPRANI',to_date('22-FEB-16','DD-MON-RR'),'LPEREZ',null,null,null,null,'20511130124',2);
Insert into SCINVGSF.T_CONCESIONARIO (CNC_ID,CNC_NOMBRE,CNC_DESCRIPCION,CNC_SIGLAS,CNC_ESTADO,CNC_TELEFONO,CNC_TERMINAL,CNC_DIRECCION,CNC_CORREO,CNC_REPRESENTANTE_LEGAL,CNC_FECHA_ALTA,CNC_USUARIO_ALTA,CNC_FECHA_CAMBIO,CNC_USUARIO_CAMBIO,CNC_FECHA_BAJA,CNC_USUARIO_BAJA,CNC_NRO_DOCUMENTO,TDO_ID) values (18,'SURVIAL S.A.','Concesión de Corredor Vial Interoceánico Sur Perú -Brasil, Tramo 1: Marcona - Urcos','SUR',1,'0','100.134.1.113','AV. PASEO DE LA REPUBLICA NRO. 4675  (ALT CRUCE CON AV ANGAMOS) LIMA LIMA SURQUILLO                    ','0','CARLOS PIMENTEL BARRIO DE MENDOZA',to_date('22-FEB-16','DD-MON-RR'),'LPEREZ',null,null,null,null,'20517216241',2);
Insert into SCINVGSF.T_CONCESIONARIO (CNC_ID,CNC_NOMBRE,CNC_DESCRIPCION,CNC_SIGLAS,CNC_ESTADO,CNC_TELEFONO,CNC_TERMINAL,CNC_DIRECCION,CNC_CORREO,CNC_REPRESENTANTE_LEGAL,CNC_FECHA_ALTA,CNC_USUARIO_ALTA,CNC_FECHA_CAMBIO,CNC_USUARIO_CAMBIO,CNC_FECHA_BAJA,CNC_USUARIO_BAJA,CNC_NRO_DOCUMENTO,TDO_ID) values (19,'CONCESIONARIA VIAL DEL SUR S.A. ','Concesión de Corredor Vial Interoceánico Sur Perú -Brasil, Tramo 5: Ilo, Matarani - Azangaro','CVS',1,'0','100.134.1.113','AV. JAVIER PRADO ESTE NRO. 4109 INT. 4 URB. SANTA CONSTANZA LIMA LIMA SANTIAGO DE SURCO            ','0','RICARDO ESCALANTE CANORIO',to_date('22-FEB-16','DD-MON-RR'),'LPEREZ',null,null,null,null,'20517252558',2);
Insert into SCINVGSF.T_CONCESIONARIO (CNC_ID,CNC_NOMBRE,CNC_DESCRIPCION,CNC_SIGLAS,CNC_ESTADO,CNC_TELEFONO,CNC_TERMINAL,CNC_DIRECCION,CNC_CORREO,CNC_REPRESENTANTE_LEGAL,CNC_FECHA_ALTA,CNC_USUARIO_ALTA,CNC_FECHA_CAMBIO,CNC_USUARIO_CAMBIO,CNC_FECHA_BAJA,CNC_USUARIO_BAJA,CNC_NRO_DOCUMENTO,TDO_ID) values (20,'CONCESIONARIA PERUANA DE VÍAS - COVINCA S.A.','Concesión de Tramo Vial Desvío Quilca - Desvío Arequipa (Repartición) - Desvío Matarani - Desvío Moquegua - Desvío Ilo - Tacna - La Concordia ','CVC',1,'0','100.134.1.113','AV. 28 DE JULIO NRO. 757 INT. 401- URB. LEURO (AL FRENTE DEL COLEGIO MEDICO) LIMA LIMA MIRAFLORES                   ','0','EDILSON CORRAL PARRA',to_date('22-FEB-16','DD-MON-RR'),'LPEREZ',null,null,null,null,'20550033519',2);
Insert into SCINVGSF.T_CONCESIONARIO (CNC_ID,CNC_NOMBRE,CNC_DESCRIPCION,CNC_SIGLAS,CNC_ESTADO,CNC_TELEFONO,CNC_TERMINAL,CNC_DIRECCION,CNC_CORREO,CNC_REPRESENTANTE_LEGAL,CNC_FECHA_ALTA,CNC_USUARIO_ALTA,CNC_FECHA_CAMBIO,CNC_USUARIO_CAMBIO,CNC_FECHA_BAJA,CNC_USUARIO_BAJA,CNC_NRO_DOCUMENTO,TDO_ID) values (21,'FERROVÍAS CENTRAL ANDINA S.A.  ','Concesión de Ferrocarril del Centro','FCA',1,'0','100.134.1.113','AV. CIRCUNVALACIÓN DEL CLUB G NRO. 170 INT. 302 URB. CLUB GOLF LOS INCAS LIMA LIMA SANTIAGO DE SURCO            ','jblanco@fcca.com.pe','JAIME BLANCO RAVINA',to_date('22-FEB-16','DD-MON-RR'),'LPEREZ',null,null,null,null,'20432347142',2);
Insert into SCINVGSF.T_CONCESIONARIO (CNC_ID,CNC_NOMBRE,CNC_DESCRIPCION,CNC_SIGLAS,CNC_ESTADO,CNC_TELEFONO,CNC_TERMINAL,CNC_DIRECCION,CNC_CORREO,CNC_REPRESENTANTE_LEGAL,CNC_FECHA_ALTA,CNC_USUARIO_ALTA,CNC_FECHA_CAMBIO,CNC_USUARIO_CAMBIO,CNC_FECHA_BAJA,CNC_USUARIO_BAJA,CNC_NRO_DOCUMENTO,TDO_ID) values (22,'FERROCARRIL TRANSANDINO S.A.','Concesión de Ferrocarril del Sur y Sur - Oriente','FTA',1,'0','100.134.1.113','AV. ARMENDARIZ NRO. 480 INT. 402  LIMA LIMA MIRAFLORES                   ','0','ALBERTO VALDEZ GALDOS',to_date('22-FEB-16','DD-MON-RR'),'LPEREZ',null,null,null,null,'20432747833',2);
Insert into SCINVGSF.T_CONCESIONARIO (CNC_ID,CNC_NOMBRE,CNC_DESCRIPCION,CNC_SIGLAS,CNC_ESTADO,CNC_TELEFONO,CNC_TERMINAL,CNC_DIRECCION,CNC_CORREO,CNC_REPRESENTANTE_LEGAL,CNC_FECHA_ALTA,CNC_USUARIO_ALTA,CNC_FECHA_CAMBIO,CNC_USUARIO_CAMBIO,CNC_FECHA_BAJA,CNC_USUARIO_BAJA,CNC_NRO_DOCUMENTO,TDO_ID) values (23,'GYM FERROVÍAS S.A.','Concesión de Sistema Eléctrico de Transporte masivo de Lima y Callao, Línea 1, Villa El Salvador ¿ Av. Grau-San Juan de Lurigancho','GYM',1,'0','100.134.1.113','AV. AV. PASEO DE LA REPUBLICA NRO. 4675 LOTE. 1Y2  (CRUCE ANGAMOS CON PASEO DE LA REPUBLICA) LIMA LIMA SURQUILLO                    ','0','MANUEL WU ROCHA',to_date('22-FEB-16','DD-MON-RR'),'LPEREZ',null,null,null,null,'20543011976',2);
Insert into SCINVGSF.T_CONCESIONARIO (CNC_ID,CNC_NOMBRE,CNC_DESCRIPCION,CNC_SIGLAS,CNC_ESTADO,CNC_TELEFONO,CNC_TERMINAL,CNC_DIRECCION,CNC_CORREO,CNC_REPRESENTANTE_LEGAL,CNC_FECHA_ALTA,CNC_USUARIO_ALTA,CNC_FECHA_CAMBIO,CNC_USUARIO_CAMBIO,CNC_FECHA_BAJA,CNC_USUARIO_BAJA,CNC_NRO_DOCUMENTO,TDO_ID) values (24,'METRO DE LIMA LÍNEA 2 S.A.','Concesión de Línea 2 y Ramal Av. Faucett - Av. Gambetta de la Red Básica del Metro de Lima y Callao','ML2',1,'2113500','100.134.1.113','AV. DOS DE MAYO NRO. 1321  LIMA LIMA SAN ISIDRO                   ','0','ALFONSO JUAN BASABE GARCÍA',to_date('22-FEB-16','DD-MON-RR'),'LPEREZ',null,null,null,null,'20557410008',2);
Insert into SCINVGSF.T_CONCESIONARIO (CNC_ID,CNC_NOMBRE,CNC_DESCRIPCION,CNC_SIGLAS,CNC_ESTADO,CNC_TELEFONO,CNC_TERMINAL,CNC_DIRECCION,CNC_CORREO,CNC_REPRESENTANTE_LEGAL,CNC_FECHA_ALTA,CNC_USUARIO_ALTA,CNC_FECHA_CAMBIO,CNC_USUARIO_CAMBIO,CNC_FECHA_BAJA,CNC_USUARIO_BAJA,CNC_NRO_DOCUMENTO,TDO_ID) values (25,'TERMINAL INTERNACIONAL DEL SUR S.A. ','Concesión de Terminal Portuario de Matarani','TIS',1,'0','100.134.1.113','TERMINAL PORTUAR.MATARANI NRO. S/N PUERTO MATARANI AREQUIPA ISLAY ISLAY                        ','eheind@tisur.com.pe','ERICK HEIN DUPONT ',to_date('22-FEB-16','DD-MON-RR'),'LPEREZ',null,null,null,null,'20428500475',2);
Insert into SCINVGSF.T_CONCESIONARIO (CNC_ID,CNC_NOMBRE,CNC_DESCRIPCION,CNC_SIGLAS,CNC_ESTADO,CNC_TELEFONO,CNC_TERMINAL,CNC_DIRECCION,CNC_CORREO,CNC_REPRESENTANTE_LEGAL,CNC_FECHA_ALTA,CNC_USUARIO_ALTA,CNC_FECHA_CAMBIO,CNC_USUARIO_CAMBIO,CNC_FECHA_BAJA,CNC_USUARIO_BAJA,CNC_NRO_DOCUMENTO,TDO_ID) values (27,'TERMINALES PORTUARIOS EUROANDINOS PAITA S.A. ','Concesión de Terminal Portuario de Paita','TPE',1,'0','100.134.1.113','JR. FERROCARRIL NRO. 127  (TERMINAL PORTUARIO DE PAITA) PIURA PAITA PAITA                        ','0','CARLOS MERINO GONZALES',to_date('22-FEB-16','DD-MON-RR'),'LPEREZ',null,null,null,null,'20522473571',2);
Insert into SCINVGSF.T_CONCESIONARIO (CNC_ID,CNC_NOMBRE,CNC_DESCRIPCION,CNC_SIGLAS,CNC_ESTADO,CNC_TELEFONO,CNC_TERMINAL,CNC_DIRECCION,CNC_CORREO,CNC_REPRESENTANTE_LEGAL,CNC_FECHA_ALTA,CNC_USUARIO_ALTA,CNC_FECHA_CAMBIO,CNC_USUARIO_CAMBIO,CNC_FECHA_BAJA,CNC_USUARIO_BAJA,CNC_NRO_DOCUMENTO,TDO_ID) values (28,'TRANSPORTADORA CALLAO S.A.','Concesión de Terminal  de Embarque de Concentrados de Minerales en el Terminal Portuario del Callao','TCA',1,'0','100.134.1.113','AV. CONTRALMIRANTE MORA NRO. 590  PROV. CONST. DEL CALLAO PROV. CONST. DEL CALLAO CALLAO                       ','0','VICTOR SAM CHANG',to_date('22-FEB-16','DD-MON-RR'),'LPEREZ',null,null,null,null,'20537577232',2);
Insert into SCINVGSF.T_CONCESIONARIO (CNC_ID,CNC_NOMBRE,CNC_DESCRIPCION,CNC_SIGLAS,CNC_ESTADO,CNC_TELEFONO,CNC_TERMINAL,CNC_DIRECCION,CNC_CORREO,CNC_REPRESENTANTE_LEGAL,CNC_FECHA_ALTA,CNC_USUARIO_ALTA,CNC_FECHA_CAMBIO,CNC_USUARIO_CAMBIO,CNC_FECHA_BAJA,CNC_USUARIO_BAJA,CNC_NRO_DOCUMENTO,TDO_ID) values (29,'APM TERMINALS  CALLAO S.A.','Concesión de Terminal Norte Multipropósito en el Terminal Portuario del Callao','APM',1,'0','100.134.1.113','AV. CONTRALMIRANTE RAYGADA NRO. 111  (ENTRADA DEL PUERTO - MUELLE NORTE) PROV. CONST. DEL CALLAO PROV. CONST. DEL CALLAO CALLAO                       ','0','DALLAS HAMPTON',to_date('22-FEB-16','DD-MON-RR'),'LPEREZ',null,null,null,null,'20543083888',2);
Insert into SCINVGSF.T_CONCESIONARIO (CNC_ID,CNC_NOMBRE,CNC_DESCRIPCION,CNC_SIGLAS,CNC_ESTADO,CNC_TELEFONO,CNC_TERMINAL,CNC_DIRECCION,CNC_CORREO,CNC_REPRESENTANTE_LEGAL,CNC_FECHA_ALTA,CNC_USUARIO_ALTA,CNC_FECHA_CAMBIO,CNC_USUARIO_CAMBIO,CNC_FECHA_BAJA,CNC_USUARIO_BAJA,CNC_NRO_DOCUMENTO,TDO_ID) values (30,'CONCESIONARIA PUERTO AMAZONAS S.A. ','Concesión de Nuevo Terminal Portuario de Yurimaguas - Nueva Reforma','COP',1,'0','100.134.1.113','AV. JAVIER PRADO ESTE NRO. 4135  (PISO 4) LIMA LIMA SANTIAGO DE SURCO            ','cbenitez@copam.com.pe','CARMEN BENITEZ HERNANDEZ',to_date('22-FEB-16','DD-MON-RR'),'LPEREZ',null,null,null,null,'20543480291',2);
Insert into SCINVGSF.T_CONCESIONARIO (CNC_ID,CNC_NOMBRE,CNC_DESCRIPCION,CNC_SIGLAS,CNC_ESTADO,CNC_TELEFONO,CNC_TERMINAL,CNC_DIRECCION,CNC_CORREO,CNC_REPRESENTANTE_LEGAL,CNC_FECHA_ALTA,CNC_USUARIO_ALTA,CNC_FECHA_CAMBIO,CNC_USUARIO_CAMBIO,CNC_FECHA_BAJA,CNC_USUARIO_BAJA,CNC_NRO_DOCUMENTO,TDO_ID) values (31,'TERMINAL PORTUARIO PARACAS S.A.','Concesión de Terminal Portuario General San Martín - Pisco','TPP',1,'0','100.134.1.51','AV. BENAVIDES NRO. 1944 INT. 503  LIMA LIMA MIRAFLORES                   ','INFORMES@TPP.COM.PE','ROGELIO A. TERRÓN ',to_date('22-FEB-16','DD-MON-RR'),'LPEREZ',to_date('10-MAR-16','DD-MON-RR'),'CONSULTOR_JTI03',null,null,'20562916360',2);
Insert into SCINVGSF.T_CONCESIONARIO (CNC_ID,CNC_NOMBRE,CNC_DESCRIPCION,CNC_SIGLAS,CNC_ESTADO,CNC_TELEFONO,CNC_TERMINAL,CNC_DIRECCION,CNC_CORREO,CNC_REPRESENTANTE_LEGAL,CNC_FECHA_ALTA,CNC_USUARIO_ALTA,CNC_FECHA_CAMBIO,CNC_USUARIO_CAMBIO,CNC_FECHA_BAJA,CNC_USUARIO_BAJA,CNC_NRO_DOCUMENTO,TDO_ID) values (32,'CORPORACIÓN PERUANA DE AEROPUERTOS Y AVIACIÓN COMERCIAL S.A.','CORPORACIÓN PERUANA DE AEROPUERTOS Y AVIACIÓN COMERCIAL S.A.','CPC',1,'0','100.134.1.113','AV. ELMER FAUCETT NRO. 3400 ARPTO INTER J CHAVE (ARPTO INTERNACIONAL JORGE CHAVEZ) PROV. CONST. DEL CALLAO PROV. CONST. DEL CALLAO CALLAO                       ','0','DHENIS CABRERA GARRIDO',to_date('22-FEB-16','DD-MON-RR'),'LPEREZ',null,null,null,null,'20100004675',2);
Insert into SCINVGSF.T_CONCESIONARIO (CNC_ID,CNC_NOMBRE,CNC_DESCRIPCION,CNC_SIGLAS,CNC_ESTADO,CNC_TELEFONO,CNC_TERMINAL,CNC_DIRECCION,CNC_CORREO,CNC_REPRESENTANTE_LEGAL,CNC_FECHA_ALTA,CNC_USUARIO_ALTA,CNC_FECHA_CAMBIO,CNC_USUARIO_CAMBIO,CNC_FECHA_BAJA,CNC_USUARIO_BAJA,CNC_NRO_DOCUMENTO,TDO_ID) values (33,'EMPRESA NACIONAL DE PUERTOS S.A.','CONCESIÓN DE EMPRESA NACIONAL DE PUERTOS S.A.','ENA',1,'0','100.134.1.113','JR. MANCO CAPAC NRO. 255  (FRENTE A LA PREFECTURA JUNTO A DPWORLD) PROV. CONST. DEL CALLAO PROV. CONST. DEL CALLAO CALLAO                       ','0','JAVIER PRIETO BALVUENA',to_date('22-FEB-16','DD-MON-RR'),'LPEREZ',null,null,null,null,'20100003199',2);
Insert into SCINVGSF.T_CONCESIONARIO (CNC_ID,CNC_NOMBRE,CNC_DESCRIPCION,CNC_SIGLAS,CNC_ESTADO,CNC_TELEFONO,CNC_TERMINAL,CNC_DIRECCION,CNC_CORREO,CNC_REPRESENTANTE_LEGAL,CNC_FECHA_ALTA,CNC_USUARIO_ALTA,CNC_FECHA_CAMBIO,CNC_USUARIO_CAMBIO,CNC_FECHA_BAJA,CNC_USUARIO_BAJA,CNC_NRO_DOCUMENTO,TDO_ID) values (34,'CONCESIONARIA HIDROVIA AMAZONICA S.A.','CONCESIONARIA HIDROVIA AMAZONICA S.A.',null,1,null,'127.0.0.1','AV. JAVIER PRADO ESTE NRO. 4135 INT. 701  LIMA LIMA SANTIAGO DE SURCO            ',null,'BENITEZ HERNANDEZ CARMEN VIRGINIA',to_date('18-OCT-17','DD-MON-RR'),'CONSULTOR_JTI07',null,null,null,null,'20602410251',2);
Insert into SCINVGSF.T_CONCESIONARIO (CNC_ID,CNC_NOMBRE,CNC_DESCRIPCION,CNC_SIGLAS,CNC_ESTADO,CNC_TELEFONO,CNC_TERMINAL,CNC_DIRECCION,CNC_CORREO,CNC_REPRESENTANTE_LEGAL,CNC_FECHA_ALTA,CNC_USUARIO_ALTA,CNC_FECHA_CAMBIO,CNC_USUARIO_CAMBIO,CNC_FECHA_BAJA,CNC_USUARIO_BAJA,CNC_NRO_DOCUMENTO,TDO_ID) values (35,'SALAVERRY TERMINAL INTERNACIONAL S.A.','SALAVERRY TERMINAL INTERNACIONAL S.A.','SLV',1,null,'127.0.0.1','CAL. CORDOVA NRO. S/N  LA LIBERTAD TRUJILLO SALAVERRY                    ',null,'DIEGO ALONSO CASSINELLI MONTERO',to_date('23-OCT-18','DD-MON-RR'),'CONSULTOR_JTI07',to_date('23-OCT-18','DD-MON-RR'),'CONSULTOR_JTI07',null,null,'20603487321',1);
Insert into SCINVGSF.T_CONCESIONARIO (CNC_ID,CNC_NOMBRE,CNC_DESCRIPCION,CNC_SIGLAS,CNC_ESTADO,CNC_TELEFONO,CNC_TERMINAL,CNC_DIRECCION,CNC_CORREO,CNC_REPRESENTANTE_LEGAL,CNC_FECHA_ALTA,CNC_USUARIO_ALTA,CNC_FECHA_CAMBIO,CNC_USUARIO_CAMBIO,CNC_FECHA_BAJA,CNC_USUARIO_BAJA,CNC_NRO_DOCUMENTO,TDO_ID) values (26,'DP WORLD CALLAO S.R.L.','Concesión de Nuevo Terminal de Contenedores Muelle Sur del Terminal Portuario del Callao - Zona Sur','DPW',1,'0','100.134.1.113','AV. MANCO CAPAC NRO. 113  PROV. CONST. DEL CALLAO PROV. CONST. DEL CALLAO CALLAO                       ','0','FRANCISCO ROMAN ORTIZ',to_date('22-FEB-16','DD-MON-RR'),'LPEREZ',null,null,null,null,'20513462388',2);
Insert into SCINVGSF.T_CONCESIONARIO (CNC_ID,CNC_NOMBRE,CNC_DESCRIPCION,CNC_SIGLAS,CNC_ESTADO,CNC_TELEFONO,CNC_TERMINAL,CNC_DIRECCION,CNC_CORREO,CNC_REPRESENTANTE_LEGAL,CNC_FECHA_ALTA,CNC_USUARIO_ALTA,CNC_FECHA_CAMBIO,CNC_USUARIO_CAMBIO,CNC_FECHA_BAJA,CNC_USUARIO_BAJA,CNC_NRO_DOCUMENTO,TDO_ID) values (16,'CONCESIONARIA INTEROCEANICA SUR - TRAMO 3 S.A.','Concesión de Corredor Vial Interoceánico Sur Perú -Brasil, Tramo 3: Inambari-Iñapari','IT3',1,'0','100.134.1.113','AV. VICTOR ANDRES BELAUNDE NRO. 280 INT. 502 URB. EL ROSARIO LIMA LIMA SAN ISIDRO                   ','0','BIAGGIO SERGIO CAROLLO',to_date('22-FEB-16','DD-MON-RR'),'LPEREZ',null,null,null,null,'20511129975',2);
Insert into SCINVGSF.T_CONCESIONARIO (CNC_ID,CNC_NOMBRE,CNC_DESCRIPCION,CNC_SIGLAS,CNC_ESTADO,CNC_TELEFONO,CNC_TERMINAL,CNC_DIRECCION,CNC_CORREO,CNC_REPRESENTANTE_LEGAL,CNC_FECHA_ALTA,CNC_USUARIO_ALTA,CNC_FECHA_CAMBIO,CNC_USUARIO_CAMBIO,CNC_FECHA_BAJA,CNC_USUARIO_BAJA,CNC_NRO_DOCUMENTO,TDO_ID) values (8,'AUTOPISTA DEL NORTE S.A.C.','Concesión de Red vial N° 4: Tramos viales Pativilca ¿ Santa ¿ Trujillo y Puerto Salaverry ¿ Empalme R01N','ADN',1,'0','100.134.1.113','AV. 28 DE JULIO NRO. 150  (PISO 4 OFICINA 401) LIMA LIMA MIRAFLORES                   ','jcrosby@ohlconcesiones.com.pe','JAIME CROSBY ROBINSON',to_date('22-FEB-16','DD-MON-RR'),'LPEREZ',null,null,null,null,'20520929658',2);
Insert into SCINVGSF.T_CONCESIONARIO (CNC_ID,CNC_NOMBRE,CNC_DESCRIPCION,CNC_SIGLAS,CNC_ESTADO,CNC_TELEFONO,CNC_TERMINAL,CNC_DIRECCION,CNC_CORREO,CNC_REPRESENTANTE_LEGAL,CNC_FECHA_ALTA,CNC_USUARIO_ALTA,CNC_FECHA_CAMBIO,CNC_USUARIO_CAMBIO,CNC_FECHA_BAJA,CNC_USUARIO_BAJA,CNC_NRO_DOCUMENTO,TDO_ID) values (36,'TEST','TEST','TEST',1,null,'127.0.0.1','TEST',null,'TEST',to_date('03-MAY-19','DD-MON-RR'),'CONSULTOR_JTI07',to_date('03-MAY-19','DD-MON-RR'),'CONSULTOR_JTI07',null,null,'00000000000',1);
REM INSERTING into SCINVGSF.T_CONCESION
SET DEFINE OFF;
Insert into SCINVGSF.T_CONCESION (CSI_ID,TIN_ID,CSI_NOMBRE,CSI_ESTADO,CSI_FECHA_ALTA,CSI_USUARIO_ALTA,CSI_FECHA_CAMBIO,CSI_USUARIO_CAMBIO,CSI_FECHA_BAJA,CSI_USUARIO_BAJA,CSI_TERMINAL) values (1,2,'Aeropuerto Internacional Jorge Chávez',1,to_date('19-FEB-16','DD-MON-RR'),'LPEREZ',to_date('16-MAR-16','DD-MON-RR'),'CONSULTOR_JTI03',null,null,'100.134.1.51');
Insert into SCINVGSF.T_CONCESION (CSI_ID,TIN_ID,CSI_NOMBRE,CSI_ESTADO,CSI_FECHA_ALTA,CSI_USUARIO_ALTA,CSI_FECHA_CAMBIO,CSI_USUARIO_CAMBIO,CSI_FECHA_BAJA,CSI_USUARIO_BAJA,CSI_TERMINAL) values (2,2,'Primer Grupo de Aeropuertos de Provincia de la República del Perú',1,to_date('19-FEB-16','DD-MON-RR'),'LPEREZ',to_date('28-APR-16','DD-MON-RR'),'CONSULTOR_JTI03',null,null,'127.0.0.1');
Insert into SCINVGSF.T_CONCESION (CSI_ID,TIN_ID,CSI_NOMBRE,CSI_ESTADO,CSI_FECHA_ALTA,CSI_USUARIO_ALTA,CSI_FECHA_CAMBIO,CSI_USUARIO_CAMBIO,CSI_FECHA_BAJA,CSI_USUARIO_BAJA,CSI_TERMINAL) values (3,2,'Segundo Grupo de Aeropuertos de Provincia de la República del Perú',1,to_date('19-FEB-16','DD-MON-RR'),'LPEREZ',to_date('09-MAR-16','DD-MON-RR'),'CONSULTOR_JTI03',null,null,'127.0.0.1');
Insert into SCINVGSF.T_CONCESION (CSI_ID,TIN_ID,CSI_NOMBRE,CSI_ESTADO,CSI_FECHA_ALTA,CSI_USUARIO_ALTA,CSI_FECHA_CAMBIO,CSI_USUARIO_CAMBIO,CSI_FECHA_BAJA,CSI_USUARIO_BAJA,CSI_TERMINAL) values (4,2,'Nuevo Aeropuerto Internacional de Chinchero - Cusco (AICC)',1,to_date('19-FEB-16','DD-MON-RR'),'LPEREZ',to_date('09-MAR-16','DD-MON-RR'),'CONSULTOR_JTI03',null,null,'127.0.0.1');
Insert into SCINVGSF.T_CONCESION (CSI_ID,TIN_ID,CSI_NOMBRE,CSI_ESTADO,CSI_FECHA_ALTA,CSI_USUARIO_ALTA,CSI_FECHA_CAMBIO,CSI_USUARIO_CAMBIO,CSI_FECHA_BAJA,CSI_USUARIO_BAJA,CSI_TERMINAL) values (5,3,'Red Vial Nº 5: Tramo Ancón-Huacho-Pativilca',1,to_date('19-FEB-16','DD-MON-RR'),'LPEREZ',null,null,null,null,'100.134.1.113');
Insert into SCINVGSF.T_CONCESION (CSI_ID,TIN_ID,CSI_NOMBRE,CSI_ESTADO,CSI_FECHA_ALTA,CSI_USUARIO_ALTA,CSI_FECHA_CAMBIO,CSI_USUARIO_CAMBIO,CSI_FECHA_BAJA,CSI_USUARIO_BAJA,CSI_TERMINAL) values (6,3,'Eje Multimodal del AmazonasNorte: Tramo Yurimaguas ¿ Tarapoto ¿ Rioja - Corral Quemado ¿ Olmos ¿ Piura ¿ Paita',1,to_date('19-FEB-16','DD-MON-RR'),'LPEREZ',to_date('28-MAR-16','DD-MON-RR'),'CONSULTOR_JTI03',null,null,'100.134.1.51');
Insert into SCINVGSF.T_CONCESION (CSI_ID,TIN_ID,CSI_NOMBRE,CSI_ESTADO,CSI_FECHA_ALTA,CSI_USUARIO_ALTA,CSI_FECHA_CAMBIO,CSI_USUARIO_CAMBIO,CSI_FECHA_BAJA,CSI_USUARIO_BAJA,CSI_TERMINAL) values (7,3,'Empalme 1B - Buenos Aires - Canchaque',1,to_date('19-FEB-16','DD-MON-RR'),'LPEREZ',to_date('21-MAR-16','DD-MON-RR'),'CONSULTOR_JTI03',null,null,'100.134.1.51');
Insert into SCINVGSF.T_CONCESION (CSI_ID,TIN_ID,CSI_NOMBRE,CSI_ESTADO,CSI_FECHA_ALTA,CSI_USUARIO_ALTA,CSI_FECHA_CAMBIO,CSI_USUARIO_CAMBIO,CSI_FECHA_BAJA,CSI_USUARIO_BAJA,CSI_TERMINAL) values (8,3,'Red vial N° 4: Tramos viales Pativilca ¿ Santa ¿ Trujillo y Puerto Salaverry ¿ Empalme R01N',1,to_date('19-FEB-16','DD-MON-RR'),'LPEREZ',to_date('30-MAR-16','DD-MON-RR'),'CONSULTOR_JTI03',null,null,'100.134.1.51');
Insert into SCINVGSF.T_CONCESION (CSI_ID,TIN_ID,CSI_NOMBRE,CSI_ESTADO,CSI_FECHA_ALTA,CSI_USUARIO_ALTA,CSI_FECHA_CAMBIO,CSI_USUARIO_CAMBIO,CSI_FECHA_BAJA,CSI_USUARIO_BAJA,CSI_TERMINAL) values (9,3,'Tramo Vial - Ovalo Chancay - Huaral - Acos',1,to_date('19-FEB-16','DD-MON-RR'),'LPEREZ',null,null,null,null,'100.134.1.113');
Insert into SCINVGSF.T_CONCESION (CSI_ID,TIN_ID,CSI_NOMBRE,CSI_ESTADO,CSI_FECHA_ALTA,CSI_USUARIO_ALTA,CSI_FECHA_CAMBIO,CSI_USUARIO_CAMBIO,CSI_FECHA_BAJA,CSI_USUARIO_BAJA,CSI_TERMINAL) values (10,3,'Tramo Vial - Nuevo Mocupe - Cayaltí - Oyotún',1,to_date('19-FEB-16','DD-MON-RR'),'LPEREZ',null,null,null,null,'100.134.1.113');
Insert into SCINVGSF.T_CONCESION (CSI_ID,TIN_ID,CSI_NOMBRE,CSI_ESTADO,CSI_FECHA_ALTA,CSI_USUARIO_ALTA,CSI_FECHA_CAMBIO,CSI_USUARIO_CAMBIO,CSI_FECHA_BAJA,CSI_USUARIO_BAJA,CSI_TERMINAL) values (11,3,'AUTOPISTA DEL SOL, TRAMO TRUJILLO-SULLANA',1,to_date('19-FEB-16','DD-MON-RR'),'LPEREZ',to_date('17-MAR-16','DD-MON-RR'),'CONSULTOR_JTI03',null,null,'100.134.1.51');
Insert into SCINVGSF.T_CONCESION (CSI_ID,TIN_ID,CSI_NOMBRE,CSI_ESTADO,CSI_FECHA_ALTA,CSI_USUARIO_ALTA,CSI_FECHA_CAMBIO,CSI_USUARIO_CAMBIO,CSI_FECHA_BAJA,CSI_USUARIO_BAJA,CSI_TERMINAL) values (12,3,'IIRSA Centro,Tramo 2: Puente Ricardo Palma - La Oroya - Huancayo - Dv Cerro de Pasco',1,to_date('19-FEB-16','DD-MON-RR'),'LPEREZ',to_date('21-MAR-16','DD-MON-RR'),'CONSULTOR_JTI03',null,null,'100.134.1.51');
Insert into SCINVGSF.T_CONCESION (CSI_ID,TIN_ID,CSI_NOMBRE,CSI_ESTADO,CSI_FECHA_ALTA,CSI_USUARIO_ALTA,CSI_FECHA_CAMBIO,CSI_USUARIO_CAMBIO,CSI_FECHA_BAJA,CSI_USUARIO_BAJA,CSI_TERMINAL) values (13,3,'Longitudinal de la Sierra Tramo 2: Ciudad de Dios-Cajamarca-Chiple, Cajamarca-Trujillo y Dv. Chilete-Emp. PE-3N1',1,to_date('19-FEB-16','DD-MON-RR'),'LPEREZ',to_date('17-MAR-16','DD-MON-RR'),'CONSULTOR_JTI03',null,null,'100.134.1.51');
Insert into SCINVGSF.T_CONCESION (CSI_ID,TIN_ID,CSI_NOMBRE,CSI_ESTADO,CSI_FECHA_ALTA,CSI_USUARIO_ALTA,CSI_FECHA_CAMBIO,CSI_USUARIO_CAMBIO,CSI_FECHA_BAJA,CSI_USUARIO_BAJA,CSI_TERMINAL) values (14,3,'Red Vial 6: Tramo Vial Puente Pucusana - Cerro Azul ¿ Ica',1,to_date('19-FEB-16','DD-MON-RR'),'LPEREZ',null,null,null,null,'100.134.1.113');
Insert into SCINVGSF.T_CONCESION (CSI_ID,TIN_ID,CSI_NOMBRE,CSI_ESTADO,CSI_FECHA_ALTA,CSI_USUARIO_ALTA,CSI_FECHA_CAMBIO,CSI_USUARIO_CAMBIO,CSI_FECHA_BAJA,CSI_USUARIO_BAJA,CSI_TERMINAL) values (15,3,'Corredor Vial Interoceánico Sur Perú -Brasil, Tramo 2 : Urcos-Inambari',1,to_date('19-FEB-16','DD-MON-RR'),'LPEREZ',to_date('18-MAR-16','DD-MON-RR'),'CONSULTOR_JTI03',null,null,'100.134.1.51');
Insert into SCINVGSF.T_CONCESION (CSI_ID,TIN_ID,CSI_NOMBRE,CSI_ESTADO,CSI_FECHA_ALTA,CSI_USUARIO_ALTA,CSI_FECHA_CAMBIO,CSI_USUARIO_CAMBIO,CSI_FECHA_BAJA,CSI_USUARIO_BAJA,CSI_TERMINAL) values (16,3,'Corredor Vial Interoceánico Sur Perú -Brasil, Tramo 3: Inambari-Iñapari',1,to_date('19-FEB-16','DD-MON-RR'),'LPEREZ',null,null,null,null,'100.134.1.113');
Insert into SCINVGSF.T_CONCESION (CSI_ID,TIN_ID,CSI_NOMBRE,CSI_ESTADO,CSI_FECHA_ALTA,CSI_USUARIO_ALTA,CSI_FECHA_CAMBIO,CSI_USUARIO_CAMBIO,CSI_FECHA_BAJA,CSI_USUARIO_BAJA,CSI_TERMINAL) values (17,3,'Corredor Vial Interoceánico Sur Perú -Brasil, Tramo 4: Azángaro-Inambari',1,to_date('19-FEB-16','DD-MON-RR'),'LPEREZ',null,null,null,null,'100.134.1.113');
Insert into SCINVGSF.T_CONCESION (CSI_ID,TIN_ID,CSI_NOMBRE,CSI_ESTADO,CSI_FECHA_ALTA,CSI_USUARIO_ALTA,CSI_FECHA_CAMBIO,CSI_USUARIO_CAMBIO,CSI_FECHA_BAJA,CSI_USUARIO_BAJA,CSI_TERMINAL) values (18,3,'Corredor Vial Interoceánico Sur Perú -Brasil, Tramo 1: Marcona - Urcos',1,to_date('19-FEB-16','DD-MON-RR'),'LPEREZ',to_date('17-MAR-16','DD-MON-RR'),'CONSULTOR_JTI03',null,null,'100.134.1.51');
Insert into SCINVGSF.T_CONCESION (CSI_ID,TIN_ID,CSI_NOMBRE,CSI_ESTADO,CSI_FECHA_ALTA,CSI_USUARIO_ALTA,CSI_FECHA_CAMBIO,CSI_USUARIO_CAMBIO,CSI_FECHA_BAJA,CSI_USUARIO_BAJA,CSI_TERMINAL) values (19,3,'Corredor Vial Interoceánico Sur Perú -Brasil, Tramo 5: Ilo, Matarani - Azangaro',1,to_date('19-FEB-16','DD-MON-RR'),'LPEREZ',null,null,null,null,'100.134.1.113');
Insert into SCINVGSF.T_CONCESION (CSI_ID,TIN_ID,CSI_NOMBRE,CSI_ESTADO,CSI_FECHA_ALTA,CSI_USUARIO_ALTA,CSI_FECHA_CAMBIO,CSI_USUARIO_CAMBIO,CSI_FECHA_BAJA,CSI_USUARIO_BAJA,CSI_TERMINAL) values (20,3,'TRAMO VIAL DESVÍO QUILCA - DESVÍO AREQUIPA (REPARTICIÓN) - DESVÍO MATARANI - DESVÍO MOQUEGUA - DESVÍO ILO - TACNA - LA CONCORDIA',1,to_date('19-FEB-16','DD-MON-RR'),'LPEREZ',to_date('17-MAR-16','DD-MON-RR'),'CONSULTOR_JTI03',null,null,'100.134.1.51');
Insert into SCINVGSF.T_CONCESION (CSI_ID,TIN_ID,CSI_NOMBRE,CSI_ESTADO,CSI_FECHA_ALTA,CSI_USUARIO_ALTA,CSI_FECHA_CAMBIO,CSI_USUARIO_CAMBIO,CSI_FECHA_BAJA,CSI_USUARIO_BAJA,CSI_TERMINAL) values (21,4,'Ferrocarril del Centro',1,to_date('19-FEB-16','DD-MON-RR'),'LPEREZ',null,null,null,null,'100.134.1.113');
Insert into SCINVGSF.T_CONCESION (CSI_ID,TIN_ID,CSI_NOMBRE,CSI_ESTADO,CSI_FECHA_ALTA,CSI_USUARIO_ALTA,CSI_FECHA_CAMBIO,CSI_USUARIO_CAMBIO,CSI_FECHA_BAJA,CSI_USUARIO_BAJA,CSI_TERMINAL) values (22,4,'Ferrocarril del Sur y Sur - Oriente',1,to_date('19-FEB-16','DD-MON-RR'),'LPEREZ',null,null,null,null,'100.134.1.113');
Insert into SCINVGSF.T_CONCESION (CSI_ID,TIN_ID,CSI_NOMBRE,CSI_ESTADO,CSI_FECHA_ALTA,CSI_USUARIO_ALTA,CSI_FECHA_CAMBIO,CSI_USUARIO_CAMBIO,CSI_FECHA_BAJA,CSI_USUARIO_BAJA,CSI_TERMINAL) values (23,4,'Sistema Eléctrico de Transporte masivo de Lima y Callao, Línea 1, Villa El Salvador ¿ Av. Grau-San Juan de Lurigancho',1,to_date('19-FEB-16','DD-MON-RR'),'LPEREZ',null,null,null,null,'100.134.1.113');
Insert into SCINVGSF.T_CONCESION (CSI_ID,TIN_ID,CSI_NOMBRE,CSI_ESTADO,CSI_FECHA_ALTA,CSI_USUARIO_ALTA,CSI_FECHA_CAMBIO,CSI_USUARIO_CAMBIO,CSI_FECHA_BAJA,CSI_USUARIO_BAJA,CSI_TERMINAL) values (24,4,'Línea 2 y Ramal Av. Faucett - Av. Gambetta de la Red Básica del Metro de Lima y Callao',1,to_date('19-FEB-16','DD-MON-RR'),'LPEREZ',to_date('11-MAR-16','DD-MON-RR'),'CONSULTOR_JTI03',null,null,'100.134.1.51');
Insert into SCINVGSF.T_CONCESION (CSI_ID,TIN_ID,CSI_NOMBRE,CSI_ESTADO,CSI_FECHA_ALTA,CSI_USUARIO_ALTA,CSI_FECHA_CAMBIO,CSI_USUARIO_CAMBIO,CSI_FECHA_BAJA,CSI_USUARIO_BAJA,CSI_TERMINAL) values (25,1,'Terminal Portuario de Matarani',1,to_date('19-FEB-16','DD-MON-RR'),'LPEREZ',null,null,null,null,'100.134.1.113');
Insert into SCINVGSF.T_CONCESION (CSI_ID,TIN_ID,CSI_NOMBRE,CSI_ESTADO,CSI_FECHA_ALTA,CSI_USUARIO_ALTA,CSI_FECHA_CAMBIO,CSI_USUARIO_CAMBIO,CSI_FECHA_BAJA,CSI_USUARIO_BAJA,CSI_TERMINAL) values (26,1,'Nuevo Terminal de Contenedores Muelle Sur del Terminal Portuario del Callao - Zona Sur',1,to_date('19-FEB-16','DD-MON-RR'),'LPEREZ',null,null,null,null,'100.134.1.113');
Insert into SCINVGSF.T_CONCESION (CSI_ID,TIN_ID,CSI_NOMBRE,CSI_ESTADO,CSI_FECHA_ALTA,CSI_USUARIO_ALTA,CSI_FECHA_CAMBIO,CSI_USUARIO_CAMBIO,CSI_FECHA_BAJA,CSI_USUARIO_BAJA,CSI_TERMINAL) values (27,1,'Terminal Portuario de Paita',1,to_date('19-FEB-16','DD-MON-RR'),'LPEREZ',null,null,null,null,'100.134.1.113');
Insert into SCINVGSF.T_CONCESION (CSI_ID,TIN_ID,CSI_NOMBRE,CSI_ESTADO,CSI_FECHA_ALTA,CSI_USUARIO_ALTA,CSI_FECHA_CAMBIO,CSI_USUARIO_CAMBIO,CSI_FECHA_BAJA,CSI_USUARIO_BAJA,CSI_TERMINAL) values (28,1,'Terminal  de Embarque de Concentrados de Minerales en el Terminal Portuario del Callao',1,to_date('19-FEB-16','DD-MON-RR'),'LPEREZ',null,null,null,null,'100.134.1.113');
Insert into SCINVGSF.T_CONCESION (CSI_ID,TIN_ID,CSI_NOMBRE,CSI_ESTADO,CSI_FECHA_ALTA,CSI_USUARIO_ALTA,CSI_FECHA_CAMBIO,CSI_USUARIO_CAMBIO,CSI_FECHA_BAJA,CSI_USUARIO_BAJA,CSI_TERMINAL) values (29,1,'Terminal Norte Multipropósito en el Terminal Portuario del Callao',1,to_date('19-FEB-16','DD-MON-RR'),'LPEREZ',null,null,null,null,'100.134.1.113');
Insert into SCINVGSF.T_CONCESION (CSI_ID,TIN_ID,CSI_NOMBRE,CSI_ESTADO,CSI_FECHA_ALTA,CSI_USUARIO_ALTA,CSI_FECHA_CAMBIO,CSI_USUARIO_CAMBIO,CSI_FECHA_BAJA,CSI_USUARIO_BAJA,CSI_TERMINAL) values (30,1,'Nuevo Terminal Portuario de Yurimaguas - Nueva Reforma',1,to_date('19-FEB-16','DD-MON-RR'),'LPEREZ',null,null,null,null,'100.134.1.113');
Insert into SCINVGSF.T_CONCESION (CSI_ID,TIN_ID,CSI_NOMBRE,CSI_ESTADO,CSI_FECHA_ALTA,CSI_USUARIO_ALTA,CSI_FECHA_CAMBIO,CSI_USUARIO_CAMBIO,CSI_FECHA_BAJA,CSI_USUARIO_BAJA,CSI_TERMINAL) values (31,1,'Terminal Portuario General San Martín - Pisco',1,to_date('19-FEB-16','DD-MON-RR'),'LPEREZ',null,null,null,null,'100.134.1.113');
Insert into SCINVGSF.T_CONCESION (CSI_ID,TIN_ID,CSI_NOMBRE,CSI_ESTADO,CSI_FECHA_ALTA,CSI_USUARIO_ALTA,CSI_FECHA_CAMBIO,CSI_USUARIO_CAMBIO,CSI_FECHA_BAJA,CSI_USUARIO_BAJA,CSI_TERMINAL) values (32,1,'Empresa nacional de Puertos S.A.',1,to_date('19-FEB-16','DD-MON-RR'),'LPEREZ',null,null,null,null,'100.134.1.113');
Insert into SCINVGSF.T_CONCESION (CSI_ID,TIN_ID,CSI_NOMBRE,CSI_ESTADO,CSI_FECHA_ALTA,CSI_USUARIO_ALTA,CSI_FECHA_CAMBIO,CSI_USUARIO_CAMBIO,CSI_FECHA_BAJA,CSI_USUARIO_BAJA,CSI_TERMINAL) values (33,2,'Corporación Peruana de Aeropuertos y Aviación Comercial S.A.',1,to_date('19-FEB-16','DD-MON-RR'),'LPEREZ',null,null,null,null,'100.134.1.113');
Insert into SCINVGSF.T_CONCESION (CSI_ID,TIN_ID,CSI_NOMBRE,CSI_ESTADO,CSI_FECHA_ALTA,CSI_USUARIO_ALTA,CSI_FECHA_CAMBIO,CSI_USUARIO_CAMBIO,CSI_FECHA_BAJA,CSI_USUARIO_BAJA,CSI_TERMINAL) values (41,1,'HIDROVÍA AMAZÓNICA',1,to_date('18-OCT-17','DD-MON-RR'),'CONSULTOR_JTI07',null,null,null,null,'127.0.0.1');
Insert into SCINVGSF.T_CONCESION (CSI_ID,TIN_ID,CSI_NOMBRE,CSI_ESTADO,CSI_FECHA_ALTA,CSI_USUARIO_ALTA,CSI_FECHA_CAMBIO,CSI_USUARIO_CAMBIO,CSI_FECHA_BAJA,CSI_USUARIO_BAJA,CSI_TERMINAL) values (35,1,'TERMINAL PORTUARIO MULTIPROPÓSITO DE SALAVERRY',1,to_date('23-OCT-18','DD-MON-RR'),'CONSULTOR_JTI07',null,null,null,null,'127.0.0.1');
REM INSERTING into SCINVGSF.T_CONTRATO
SET DEFINE OFF;
Insert into SCINVGSF.T_CONTRATO (CON_ID,CON_NUMERO,MCO_ID,CNC_ID,CON_ESTADO,CON_FECHA_ALTA,CON_USUARIO_ALTA,CON_FECHA_CAMBIO,CON_USUARIO_CAMBIO,CON_FECHA_BAJA,CON_USUARIO_BAJA,CON_TIPODIAS,CON_PLAZOCONCESION,CON_PDFCONTRATO,CON_FICHARESUMEN,CON_AVANCEOBRA,CON_ANYO,CON_FECHA_REGISTRO,CON_ASUNTO,TIN_ID,CON_TERMINAL,CON_DOMICILIO_LEGAL,CSI_ID,CON_FECHA_SUSCRIPCION,CON_DIAMES,PER_ID,CON_PLAZOREVISION,CON_CANTIDAD_PLAZOCONCESION,CON_MESOANIO_PLAZOCONCESION,CON_NOTA_PLAZOCONCESION,CON_FECHA_INI_ALERTA,CON_DIAS_ANTES_ALERTA) values (21,6997,1,26,1,to_date('10-MAR-16','DD-MON-RR'),'CONSULTOR_JTI03',to_date('10-MAR-16','DD-MON-RR'),'CONSULTOR_JTI03',null,null,0,to_date('16-JUL-36','DD-MON-RR'),null,null,0,2006,null,'CONCURSO DE PROYECTOS INTEGRALES PARA LA CONCESIÓN DEL NUEVO TERMINAL DE CONTENEDORES EN EL TERMINAL PORTUARIO DEL CALLAO - ZONA SUR.',1,'100.134.1.51',null,26,to_date('24-JUL-06','DD-MON-RR'),null,-1,15,30,365,null,null,null);
Insert into SCINVGSF.T_CONTRATO (CON_ID,CON_NUMERO,MCO_ID,CNC_ID,CON_ESTADO,CON_FECHA_ALTA,CON_USUARIO_ALTA,CON_FECHA_CAMBIO,CON_USUARIO_CAMBIO,CON_FECHA_BAJA,CON_USUARIO_BAJA,CON_TIPODIAS,CON_PLAZOCONCESION,CON_PDFCONTRATO,CON_FICHARESUMEN,CON_AVANCEOBRA,CON_ANYO,CON_FECHA_REGISTRO,CON_ASUNTO,TIN_ID,CON_TERMINAL,CON_DOMICILIO_LEGAL,CSI_ID,CON_FECHA_SUSCRIPCION,CON_DIAMES,PER_ID,CON_PLAZOREVISION,CON_CANTIDAD_PLAZOCONCESION,CON_MESOANIO_PLAZOCONCESION,CON_NOTA_PLAZOCONCESION,CON_FECHA_INI_ALERTA,CON_DIAS_ANTES_ALERTA) values (70,6335,33,15,1,to_date('18-MAR-16','DD-MON-RR'),'CONSULTOR_JTI03',to_date('18-MAR-16','DD-MON-RR'),'CONSULTOR_JTI03',null,null,1,to_date('29-JUL-30','DD-MON-RR'),null,null,0,2005,null,'DOCUMENTOS DE LOS TRAMOS 2-3- Y 4 DEL PROYECTO CORREDOR VIAL INTEROCEÁNICO SUR - PERÚ-BRASIL.',3,'100.134.1.51',null,15,to_date('04-AUG-05','DD-MON-RR'),null,-1,15,25,365,null,null,null);
Insert into SCINVGSF.T_CONTRATO (CON_ID,CON_NUMERO,MCO_ID,CNC_ID,CON_ESTADO,CON_FECHA_ALTA,CON_USUARIO_ALTA,CON_FECHA_CAMBIO,CON_USUARIO_CAMBIO,CON_FECHA_BAJA,CON_USUARIO_BAJA,CON_TIPODIAS,CON_PLAZOCONCESION,CON_PDFCONTRATO,CON_FICHARESUMEN,CON_AVANCEOBRA,CON_ANYO,CON_FECHA_REGISTRO,CON_ASUNTO,TIN_ID,CON_TERMINAL,CON_DOMICILIO_LEGAL,CSI_ID,CON_FECHA_SUSCRIPCION,CON_DIAMES,PER_ID,CON_PLAZOREVISION,CON_CANTIDAD_PLAZOCONCESION,CON_MESOANIO_PLAZOCONCESION,CON_NOTA_PLAZOCONCESION,CON_FECHA_INI_ALERTA,CON_DIAS_ANTES_ALERTA) values (71,6335,33,16,1,to_date('18-MAR-16','DD-MON-RR'),'CONSULTOR_JTI03',to_date('18-MAR-16','DD-MON-RR'),'CONSULTOR_JTI03',null,null,1,to_date('29-JUL-30','DD-MON-RR'),null,null,0,2005,null,'DOCUMENTOS DE LOS TRAMOS 2-3- Y 4 DEL PROYECTO CORREDOR VIAL INTEROCEÁNICO SUR - PERÚ-BRASIL.',3,'100.134.1.51',null,16,to_date('04-AUG-05','DD-MON-RR'),null,-1,15,25,365,null,null,null);
Insert into SCINVGSF.T_CONTRATO (CON_ID,CON_NUMERO,MCO_ID,CNC_ID,CON_ESTADO,CON_FECHA_ALTA,CON_USUARIO_ALTA,CON_FECHA_CAMBIO,CON_USUARIO_CAMBIO,CON_FECHA_BAJA,CON_USUARIO_BAJA,CON_TIPODIAS,CON_PLAZOCONCESION,CON_PDFCONTRATO,CON_FICHARESUMEN,CON_AVANCEOBRA,CON_ANYO,CON_FECHA_REGISTRO,CON_ASUNTO,TIN_ID,CON_TERMINAL,CON_DOMICILIO_LEGAL,CSI_ID,CON_FECHA_SUSCRIPCION,CON_DIAMES,PER_ID,CON_PLAZOREVISION,CON_CANTIDAD_PLAZOCONCESION,CON_MESOANIO_PLAZOCONCESION,CON_NOTA_PLAZOCONCESION,CON_FECHA_INI_ALERTA,CON_DIAS_ANTES_ALERTA) values (72,4483,33,7,1,to_date('18-MAR-16','DD-MON-RR'),'CONSULTOR_JTI03',to_date('18-MAR-16','DD-MON-RR'),'CONSULTOR_JTI03',null,null,1,to_date('05-FEB-22','DD-MON-RR'),null,null,0,2007,null,'ADJUNTAN COPIA DE LA VERSIÓN FINAL DEL CONTRATO DEL CONCURSO DE PROYECTOS INTEGRALES PARA LA CONCESIÓN DE LOS TRAMOS VIALES DEL EJE MULTIMODAL AMAZONAS CENTRO DE IIRSA.',3,'100.134.1.51',null,7,to_date('09-FEB-07','DD-MON-RR'),null,-1,30,15,365,'DESDE EL INICIO DE OPERACIÓN (01/03/2010)',null,null);
Insert into SCINVGSF.T_CONTRATO (CON_ID,CON_NUMERO,MCO_ID,CNC_ID,CON_ESTADO,CON_FECHA_ALTA,CON_USUARIO_ALTA,CON_FECHA_CAMBIO,CON_USUARIO_CAMBIO,CON_FECHA_BAJA,CON_USUARIO_BAJA,CON_TIPODIAS,CON_PLAZOCONCESION,CON_PDFCONTRATO,CON_FICHARESUMEN,CON_AVANCEOBRA,CON_ANYO,CON_FECHA_REGISTRO,CON_ASUNTO,TIN_ID,CON_TERMINAL,CON_DOMICILIO_LEGAL,CSI_ID,CON_FECHA_SUSCRIPCION,CON_DIAMES,PER_ID,CON_PLAZOREVISION,CON_CANTIDAD_PLAZOCONCESION,CON_MESOANIO_PLAZOCONCESION,CON_NOTA_PLAZOCONCESION,CON_FECHA_INI_ALERTA,CON_DIAS_ANTES_ALERTA) values (22,9701,33,23,1,to_date('10-MAR-16','DD-MON-RR'),'CONSULTOR_JTI03',to_date('10-MAR-16','DD-MON-RR'),'CONSULTOR_JTI03',null,null,0,to_date('03-APR-41','DD-MON-RR'),null,null,0,2011,null,'DOCUMENTOS DEL CONCURSO DE PROYECTO INTEGRALES PARA LA CONCESION DEL PROYECTO ESPECIAL SISTEMA ELECTRICO DE TRANSPORTE MASIVO DE LIMA Y CALLAO, LINE 1 VILLA EL SALVADOR-AV GRAU-SAN JUAN DE LURIGANCHO',4,'100.134.1.51',null,23,to_date('11-APR-11','DD-MON-RR'),null,-1,15,30,365,null,null,null);
Insert into SCINVGSF.T_CONTRATO (CON_ID,CON_NUMERO,MCO_ID,CNC_ID,CON_ESTADO,CON_FECHA_ALTA,CON_USUARIO_ALTA,CON_FECHA_CAMBIO,CON_USUARIO_CAMBIO,CON_FECHA_BAJA,CON_USUARIO_BAJA,CON_TIPODIAS,CON_PLAZOCONCESION,CON_PDFCONTRATO,CON_FICHARESUMEN,CON_AVANCEOBRA,CON_ANYO,CON_FECHA_REGISTRO,CON_ASUNTO,TIN_ID,CON_TERMINAL,CON_DOMICILIO_LEGAL,CSI_ID,CON_FECHA_SUSCRIPCION,CON_DIAMES,PER_ID,CON_PLAZOREVISION,CON_CANTIDAD_PLAZOCONCESION,CON_MESOANIO_PLAZOCONCESION,CON_NOTA_PLAZOCONCESION,CON_FECHA_INI_ALERTA,CON_DIAS_ANTES_ALERTA) values (23,15459,33,24,1,to_date('10-MAR-16','DD-MON-RR'),'CONSULTOR_JTI03',to_date('18-MAR-16','DD-MON-RR'),'CONSULTOR_JTI03',null,null,1,to_date('19-APR-49','DD-MON-RR'),null,null,1,2014,null,'LINEA 2 Y RAMAL AV FAUCETT-AV GAMBETTA DE LA RED BASICA DEL METRO DE LIMA Y CALLAO',4,'100.134.1.51',null,24,to_date('28-APR-14','DD-MON-RR'),null,9,15,35,365,null,to_date('28-APR-16','DD-MON-RR'),5);
Insert into SCINVGSF.T_CONTRATO (CON_ID,CON_NUMERO,MCO_ID,CNC_ID,CON_ESTADO,CON_FECHA_ALTA,CON_USUARIO_ALTA,CON_FECHA_CAMBIO,CON_USUARIO_CAMBIO,CON_FECHA_BAJA,CON_USUARIO_BAJA,CON_TIPODIAS,CON_PLAZOCONCESION,CON_PDFCONTRATO,CON_FICHARESUMEN,CON_AVANCEOBRA,CON_ANYO,CON_FECHA_REGISTRO,CON_ASUNTO,TIN_ID,CON_TERMINAL,CON_DOMICILIO_LEGAL,CSI_ID,CON_FECHA_SUSCRIPCION,CON_DIAMES,PER_ID,CON_PLAZOREVISION,CON_CANTIDAD_PLAZOCONCESION,CON_MESOANIO_PLAZOCONCESION,CON_NOTA_PLAZOCONCESION,CON_FECHA_INI_ALERTA,CON_DIAS_ANTES_ALERTA) values (25,22249,1,27,1,to_date('11-MAR-16','DD-MON-RR'),'CONSULTOR_JTI03',to_date('14-MAR-16','DD-MON-RR'),'CONSULTOR_JTI03',null,null,0,to_date('02-SEP-39','DD-MON-RR'),'CONTRATO25CONTR_TPE_PAITA.PDF',null,0,2009,null,'CONTRATO DE CONCESION DEL TERMINAL PORTUARIO PAITA',1,'100.134.1.51',null,27,to_date('09-SEP-09','DD-MON-RR'),null,-1,15,30,365,null,null,null);
Insert into SCINVGSF.T_CONTRATO (CON_ID,CON_NUMERO,MCO_ID,CNC_ID,CON_ESTADO,CON_FECHA_ALTA,CON_USUARIO_ALTA,CON_FECHA_CAMBIO,CON_USUARIO_CAMBIO,CON_FECHA_BAJA,CON_USUARIO_BAJA,CON_TIPODIAS,CON_PLAZOCONCESION,CON_PDFCONTRATO,CON_FICHARESUMEN,CON_AVANCEOBRA,CON_ANYO,CON_FECHA_REGISTRO,CON_ASUNTO,TIN_ID,CON_TERMINAL,CON_DOMICILIO_LEGAL,CSI_ID,CON_FECHA_SUSCRIPCION,CON_DIAMES,PER_ID,CON_PLAZOREVISION,CON_CANTIDAD_PLAZOCONCESION,CON_MESOANIO_PLAZOCONCESION,CON_NOTA_PLAZOCONCESION,CON_FECHA_INI_ALERTA,CON_DIAS_ANTES_ALERTA) values (65,3066,1,20,1,to_date('17-MAR-16','DD-MON-RR'),'CONSULTOR_JTI03',to_date('17-MAR-16','DD-MON-RR'),'CONSULTOR_JTI03',null,null,1,to_date('24-JAN-38','DD-MON-RR'),null,null,1,2013,null,'DOCUMENTOS DEL CONCURSO DE PROYECTOS INTEGRALES PARA LA CONCESION DEL TRAMO VIAL DV. QUILCA-DV AREQUIPA (REPARTICION) DV MATARANI DV MOQUEGUA-ILO-TACNA-LA CONCORDIA',3,'100.134.1.51',null,20,to_date('30-JAN-13','DD-MON-RR'),null,2,30,25,365,null,to_date('05-MAR-16','DD-MON-RR'),5);
Insert into SCINVGSF.T_CONTRATO (CON_ID,CON_NUMERO,MCO_ID,CNC_ID,CON_ESTADO,CON_FECHA_ALTA,CON_USUARIO_ALTA,CON_FECHA_CAMBIO,CON_USUARIO_CAMBIO,CON_FECHA_BAJA,CON_USUARIO_BAJA,CON_TIPODIAS,CON_PLAZOCONCESION,CON_PDFCONTRATO,CON_FICHARESUMEN,CON_AVANCEOBRA,CON_ANYO,CON_FECHA_REGISTRO,CON_ASUNTO,TIN_ID,CON_TERMINAL,CON_DOMICILIO_LEGAL,CSI_ID,CON_FECHA_SUSCRIPCION,CON_DIAMES,PER_ID,CON_PLAZOREVISION,CON_CANTIDAD_PLAZOCONCESION,CON_MESOANIO_PLAZOCONCESION,CON_NOTA_PLAZOCONCESION,CON_FECHA_INI_ALERTA,CON_DIAS_ANTES_ALERTA) values (67,18766,33,13,1,to_date('17-MAR-16','DD-MON-RR'),'CONSULTOR_JTI03',to_date('17-MAR-16','DD-MON-RR'),'CONSULTOR_JTI03',null,null,1,to_date('22-MAY-39','DD-MON-RR'),null,null,1,2014,null,'DOCUMENTOS DE LA CONCESION DE LA CARRETERA LONGITUDINAL DE LA SIERRA TRAMO 2 CIUDAD DE DIOS-CAJAMARCA-CHIPLE CAJAMARCA-TRUJILLO Y DV CHILETE-EMP. PE-3N',3,'100.134.1.51',null,13,to_date('28-MAY-14','DD-MON-RR'),null,2,10,25,365,null,to_date('07-MAR-16','DD-MON-RR'),5);
Insert into SCINVGSF.T_CONTRATO (CON_ID,CON_NUMERO,MCO_ID,CNC_ID,CON_ESTADO,CON_FECHA_ALTA,CON_USUARIO_ALTA,CON_FECHA_CAMBIO,CON_USUARIO_CAMBIO,CON_FECHA_BAJA,CON_USUARIO_BAJA,CON_TIPODIAS,CON_PLAZOCONCESION,CON_PDFCONTRATO,CON_FICHARESUMEN,CON_AVANCEOBRA,CON_ANYO,CON_FECHA_REGISTRO,CON_ASUNTO,TIN_ID,CON_TERMINAL,CON_DOMICILIO_LEGAL,CSI_ID,CON_FECHA_SUSCRIPCION,CON_DIAMES,PER_ID,CON_PLAZOREVISION,CON_CANTIDAD_PLAZOCONCESION,CON_MESOANIO_PLAZOCONCESION,CON_NOTA_PLAZOCONCESION,CON_FECHA_INI_ALERTA,CON_DIAS_ANTES_ALERTA) values (68,5144,33,6,1,to_date('17-MAR-16','DD-MON-RR'),'CONSULTOR_JTI03',to_date('17-MAR-16','DD-MON-RR'),'CONSULTOR_JTI03',null,null,1,to_date('11-JUN-30','DD-MON-RR'),null,null,0,2005,null,'ADJUNTAN DOCUMENTO ORIGINAL DEL CONTRATO DE CONCESIÓN DE LOS TRAMOS VIALES DEL EJE AMAZONAS NORTE DE IIRSA.',3,'100.134.1.51',null,6,to_date('17-JUN-05','DD-MON-RR'),null,-1,15,25,365,null,null,null);
Insert into SCINVGSF.T_CONTRATO (CON_ID,CON_NUMERO,MCO_ID,CNC_ID,CON_ESTADO,CON_FECHA_ALTA,CON_USUARIO_ALTA,CON_FECHA_CAMBIO,CON_USUARIO_CAMBIO,CON_FECHA_BAJA,CON_USUARIO_BAJA,CON_TIPODIAS,CON_PLAZOCONCESION,CON_PDFCONTRATO,CON_FICHARESUMEN,CON_AVANCEOBRA,CON_ANYO,CON_FECHA_REGISTRO,CON_ASUNTO,TIN_ID,CON_TERMINAL,CON_DOMICILIO_LEGAL,CSI_ID,CON_FECHA_SUSCRIPCION,CON_DIAMES,PER_ID,CON_PLAZOREVISION,CON_CANTIDAD_PLAZOCONCESION,CON_MESOANIO_PLAZOCONCESION,CON_NOTA_PLAZOCONCESION,CON_FECHA_INI_ALERTA,CON_DIAS_ANTES_ALERTA) values (69,16444,33,18,1,to_date('17-MAR-16','DD-MON-RR'),'CONSULTOR_JTI03',to_date('17-MAR-16','DD-MON-RR'),'CONSULTOR_JTI03',null,null,1,to_date('16-OCT-32','DD-MON-RR'),null,null,1,2007,null,'REMITE CONTRATO DE CONCESIÓN DE LAS OBRAS Y EL MANTENIMIENTO DE LOS TRAMO 1 Y 5 DEL PROYECTO CORREDOR VIAL INTEROCEÁNICO SUR, PERÚ-BRASIL',3,'100.134.1.51',null,18,to_date('23-OCT-07','DD-MON-RR'),null,2,20,25,365,null,to_date('03-MAR-16','DD-MON-RR'),5);
Insert into SCINVGSF.T_CONTRATO (CON_ID,CON_NUMERO,MCO_ID,CNC_ID,CON_ESTADO,CON_FECHA_ALTA,CON_USUARIO_ALTA,CON_FECHA_CAMBIO,CON_USUARIO_CAMBIO,CON_FECHA_BAJA,CON_USUARIO_BAJA,CON_TIPODIAS,CON_PLAZOCONCESION,CON_PDFCONTRATO,CON_FICHARESUMEN,CON_AVANCEOBRA,CON_ANYO,CON_FECHA_REGISTRO,CON_ASUNTO,TIN_ID,CON_TERMINAL,CON_DOMICILIO_LEGAL,CSI_ID,CON_FECHA_SUSCRIPCION,CON_DIAMES,PER_ID,CON_PLAZOREVISION,CON_CANTIDAD_PLAZOCONCESION,CON_MESOANIO_PLAZOCONCESION,CON_NOTA_PLAZOCONCESION,CON_FECHA_INI_ALERTA,CON_DIAS_ANTES_ALERTA) values (1,3777,33,3,1,to_date('07-MAR-16','DD-MON-RR'),'RSUAREZ',to_date('07-MAR-16','DD-MON-RR'),'RSUAREZ',null,null,1,to_date('30-DEC-35','DD-MON-RR'),null,null,1,2011,null,'CONTRATO DE CONCESION DEL SEGUNDO GRUPO DE AEROPUERTOS DE PROVINCIA DE LA REPUBLICA DEL PERU',2,'127.0.0.1',null,3,to_date('05-JAN-11','DD-MON-RR'),null,2,30,25,365,null,to_date('05-MAR-16','DD-MON-RR'),5);
Insert into SCINVGSF.T_CONTRATO (CON_ID,CON_NUMERO,MCO_ID,CNC_ID,CON_ESTADO,CON_FECHA_ALTA,CON_USUARIO_ALTA,CON_FECHA_CAMBIO,CON_USUARIO_CAMBIO,CON_FECHA_BAJA,CON_USUARIO_BAJA,CON_TIPODIAS,CON_PLAZOCONCESION,CON_PDFCONTRATO,CON_FICHARESUMEN,CON_AVANCEOBRA,CON_ANYO,CON_FECHA_REGISTRO,CON_ASUNTO,TIN_ID,CON_TERMINAL,CON_DOMICILIO_LEGAL,CSI_ID,CON_FECHA_SUSCRIPCION,CON_DIAMES,PER_ID,CON_PLAZOREVISION,CON_CANTIDAD_PLAZOCONCESION,CON_MESOANIO_PLAZOCONCESION,CON_NOTA_PLAZOCONCESION,CON_FECHA_INI_ALERTA,CON_DIAS_ANTES_ALERTA) values (2,27853,1,31,1,to_date('07-MAR-16','DD-MON-RR'),'CONSULTOR_JTI03',to_date('16-MAR-16','DD-MON-RR'),'CONSULTOR_JTI03',null,null,1,to_date('13-JUL-44','DD-MON-RR'),null,null,0,2014,null,'DOCUMENTACION DEL PROCESO DE PROMOCION DE LA INVERSION PRIVADA DEL TERMINAL PORTUARIO GENERAL SAN MARTIN PISCO',1,'100.134.1.51',null,31,to_date('21-JUL-14','DD-MON-RR'),null,-1,30,30,365,null,null,null);
Insert into SCINVGSF.T_CONTRATO (CON_ID,CON_NUMERO,MCO_ID,CNC_ID,CON_ESTADO,CON_FECHA_ALTA,CON_USUARIO_ALTA,CON_FECHA_CAMBIO,CON_USUARIO_CAMBIO,CON_FECHA_BAJA,CON_USUARIO_BAJA,CON_TIPODIAS,CON_PLAZOCONCESION,CON_PDFCONTRATO,CON_FICHARESUMEN,CON_AVANCEOBRA,CON_ANYO,CON_FECHA_REGISTRO,CON_ASUNTO,TIN_ID,CON_TERMINAL,CON_DOMICILIO_LEGAL,CSI_ID,CON_FECHA_SUSCRIPCION,CON_DIAMES,PER_ID,CON_PLAZOREVISION,CON_CANTIDAD_PLAZOCONCESION,CON_MESOANIO_PLAZOCONCESION,CON_NOTA_PLAZOCONCESION,CON_FECHA_INI_ALERTA,CON_DIAS_ANTES_ALERTA) values (4,10474,1,29,1,to_date('08-MAR-16','DD-MON-RR'),'CONSULTOR_JTI03',to_date('08-MAR-16','DD-MON-RR'),'CONSULTOR_JTI03',null,null,0,to_date('03-MAY-41','DD-MON-RR'),null,null,1,2011,null,'DOCUMENTOS DEL CONCURSO DE PROYECTOS INTEGRALES DEL PROCESO DE PROMOCION DE LA IVERSION PRIVADA DEL TERMINAL NORTE MULTIPROPOSITO CALLAO',1,'127.0.0.1',null,29,to_date('11-MAY-11','DD-MON-RR'),null,2,15,30,365,null,to_date('15-FEB-16','DD-MON-RR'),5);
Insert into SCINVGSF.T_CONTRATO (CON_ID,CON_NUMERO,MCO_ID,CNC_ID,CON_ESTADO,CON_FECHA_ALTA,CON_USUARIO_ALTA,CON_FECHA_CAMBIO,CON_USUARIO_CAMBIO,CON_FECHA_BAJA,CON_USUARIO_BAJA,CON_TIPODIAS,CON_PLAZOCONCESION,CON_PDFCONTRATO,CON_FICHARESUMEN,CON_AVANCEOBRA,CON_ANYO,CON_FECHA_REGISTRO,CON_ASUNTO,TIN_ID,CON_TERMINAL,CON_DOMICILIO_LEGAL,CSI_ID,CON_FECHA_SUSCRIPCION,CON_DIAMES,PER_ID,CON_PLAZOREVISION,CON_CANTIDAD_PLAZOCONCESION,CON_MESOANIO_PLAZOCONCESION,CON_NOTA_PLAZOCONCESION,CON_FECHA_INI_ALERTA,CON_DIAS_ANTES_ALERTA) values (5,25560,33,4,1,to_date('09-MAR-16','DD-MON-RR'),'CONSULTOR_JTI03',to_date('09-MAR-16','DD-MON-RR'),'CONSULTOR_JTI03',null,null,1,to_date('24-JUN-54','DD-MON-RR'),null,null,1,2014,null,'CONCURSO DE PROYECTOS INTEGRALES PARA LA ENTREGA EN CONCESION AL SECTOR PRIVADO DEL NUEVO AEROPUERTO INTERNACIONAL DE CHINCHERO-CUSCO',2,'127.0.0.1',null,4,to_date('04-JUL-14','DD-MON-RR'),null,8,7,40,365,null,to_date('05-JAN-16','DD-MON-RR'),5);
Insert into SCINVGSF.T_CONTRATO (CON_ID,CON_NUMERO,MCO_ID,CNC_ID,CON_ESTADO,CON_FECHA_ALTA,CON_USUARIO_ALTA,CON_FECHA_CAMBIO,CON_USUARIO_CAMBIO,CON_FECHA_BAJA,CON_USUARIO_BAJA,CON_TIPODIAS,CON_PLAZOCONCESION,CON_PDFCONTRATO,CON_FICHARESUMEN,CON_AVANCEOBRA,CON_ANYO,CON_FECHA_REGISTRO,CON_ASUNTO,TIN_ID,CON_TERMINAL,CON_DOMICILIO_LEGAL,CSI_ID,CON_FECHA_SUSCRIPCION,CON_DIAMES,PER_ID,CON_PLAZOREVISION,CON_CANTIDAD_PLAZOCONCESION,CON_MESOANIO_PLAZOCONCESION,CON_NOTA_PLAZOCONCESION,CON_FECHA_INI_ALERTA,CON_DIAS_ANTES_ALERTA) values (3,12871,33,30,1,to_date('07-MAR-16','DD-MON-RR'),'CONSULTOR_JTI03',to_date('08-MAR-16','DD-MON-RR'),'CONSULTOR_JTI03',null,null,0,to_date('23-MAY-41','DD-MON-RR'),null,null,1,2011,null,'DOCUMENTOS DE CONCURSO DE PROYECTOS INTEGRALES PARA LA ENTREGA EN CONCESION DEL NUEVO TERMINAL PORTUARIO DE YURIMAGUAS-NUEVA REFORMA',1,'127.0.0.1',null,30,to_date('31-MAY-11','DD-MON-RR'),null,2,30,30,365,null,to_date('07-MAR-16','DD-MON-RR'),5);
Insert into SCINVGSF.T_CONTRATO (CON_ID,CON_NUMERO,MCO_ID,CNC_ID,CON_ESTADO,CON_FECHA_ALTA,CON_USUARIO_ALTA,CON_FECHA_CAMBIO,CON_USUARIO_CAMBIO,CON_FECHA_BAJA,CON_USUARIO_BAJA,CON_TIPODIAS,CON_PLAZOCONCESION,CON_PDFCONTRATO,CON_FICHARESUMEN,CON_AVANCEOBRA,CON_ANYO,CON_FECHA_REGISTRO,CON_ASUNTO,TIN_ID,CON_TERMINAL,CON_DOMICILIO_LEGAL,CSI_ID,CON_FECHA_SUSCRIPCION,CON_DIAMES,PER_ID,CON_PLAZOREVISION,CON_CANTIDAD_PLAZOCONCESION,CON_MESOANIO_PLAZOCONCESION,CON_NOTA_PLAZOCONCESION,CON_FECHA_INI_ALERTA,CON_DIAS_ANTES_ALERTA) values (113,6335,33,17,1,to_date('30-MAR-16','DD-MON-RR'),'CONSULTOR_JTI03',to_date('30-MAR-16','DD-MON-RR'),'CONSULTOR_JTI03',null,null,0,to_date('29-JUL-30','DD-MON-RR'),null,null,0,2005,null,'DOCUMENTOS DE LOS TRAMOS 2-3- Y 4 DEL PROYECTO CORREDOR VIAL INTEROCEÁNICO SUR - PERÚ-BRASIL.',3,'100.134.1.51',null,17,to_date('04-AUG-05','DD-MON-RR'),null,-1,10,25,365,null,null,null);
Insert into SCINVGSF.T_CONTRATO (CON_ID,CON_NUMERO,MCO_ID,CNC_ID,CON_ESTADO,CON_FECHA_ALTA,CON_USUARIO_ALTA,CON_FECHA_CAMBIO,CON_USUARIO_CAMBIO,CON_FECHA_BAJA,CON_USUARIO_BAJA,CON_TIPODIAS,CON_PLAZOCONCESION,CON_PDFCONTRATO,CON_FICHARESUMEN,CON_AVANCEOBRA,CON_ANYO,CON_FECHA_REGISTRO,CON_ASUNTO,TIN_ID,CON_TERMINAL,CON_DOMICILIO_LEGAL,CSI_ID,CON_FECHA_SUSCRIPCION,CON_DIAMES,PER_ID,CON_PLAZOREVISION,CON_CANTIDAD_PLAZOCONCESION,CON_MESOANIO_PLAZOCONCESION,CON_NOTA_PLAZOCONCESION,CON_FECHA_INI_ALERTA,CON_DIAS_ANTES_ALERTA) values (24,2925,1,28,1,to_date('11-MAR-16','DD-MON-RR'),'CONSULTOR_JTI03',to_date('11-MAR-16','DD-MON-RR'),'CONSULTOR_JTI03',null,null,0,to_date('01-JAN-32','DD-MON-RR'),null,null,0,2011,null,'DOCUMENTOS DEL CONTRATO DE CONCESION TERMINAL DE EMARQUE DE CONCENTRADOS DE MINERALES EN EL TERMINAL PORTUARIO DEL CALLAO',1,'100.134.1.51',null,28,to_date('06-JAN-12','DD-MON-RR'),null,-1,15,20,365,null,null,null);
Insert into SCINVGSF.T_CONTRATO (CON_ID,CON_NUMERO,MCO_ID,CNC_ID,CON_ESTADO,CON_FECHA_ALTA,CON_USUARIO_ALTA,CON_FECHA_CAMBIO,CON_USUARIO_CAMBIO,CON_FECHA_BAJA,CON_USUARIO_BAJA,CON_TIPODIAS,CON_PLAZOCONCESION,CON_PDFCONTRATO,CON_FICHARESUMEN,CON_AVANCEOBRA,CON_ANYO,CON_FECHA_REGISTRO,CON_ASUNTO,TIN_ID,CON_TERMINAL,CON_DOMICILIO_LEGAL,CSI_ID,CON_FECHA_SUSCRIPCION,CON_DIAMES,PER_ID,CON_PLAZOREVISION,CON_CANTIDAD_PLAZOCONCESION,CON_MESOANIO_PLAZOCONCESION,CON_NOTA_PLAZOCONCESION,CON_FECHA_INI_ALERTA,CON_DIAS_ANTES_ALERTA) values (26,544,1,25,1,to_date('11-MAR-16','DD-MON-RR'),'CONSULTOR_JTI03',to_date('16-MAR-16','DD-MON-RR'),'CONSULTOR_JTI03',null,null,0,to_date('23-MAY-29','DD-MON-RR'),null,null,0,2001,null,'SOLICITUD DE MODIFICACION DE CLAUSULAS 20 Y 24 DEL CONTRATO DE CONCESION - TERMINAL PORTUARIO DE MATARANI.',1,'100.134.1.51',null,25,to_date('31-MAY-99','DD-MON-RR'),null,-1,30,30,365,null,null,null);
Insert into SCINVGSF.T_CONTRATO (CON_ID,CON_NUMERO,MCO_ID,CNC_ID,CON_ESTADO,CON_FECHA_ALTA,CON_USUARIO_ALTA,CON_FECHA_CAMBIO,CON_USUARIO_CAMBIO,CON_FECHA_BAJA,CON_USUARIO_BAJA,CON_TIPODIAS,CON_PLAZOCONCESION,CON_PDFCONTRATO,CON_FICHARESUMEN,CON_AVANCEOBRA,CON_ANYO,CON_FECHA_REGISTRO,CON_ASUNTO,TIN_ID,CON_TERMINAL,CON_DOMICILIO_LEGAL,CSI_ID,CON_FECHA_SUSCRIPCION,CON_DIAMES,PER_ID,CON_PLAZOREVISION,CON_CANTIDAD_PLAZOCONCESION,CON_MESOANIO_PLAZOCONCESION,CON_NOTA_PLAZOCONCESION,CON_FECHA_INI_ALERTA,CON_DIAS_ANTES_ALERTA) values (63,44,1,22,1,to_date('16-MAR-16','DD-MON-RR'),'CONSULTOR_JTI03',to_date('21-MAR-16','DD-MON-RR'),'CONSULTOR_JTI03',null,null,0,to_date('26-JUN-34','DD-MON-RR'),null,null,0,2001,null,'EFCTUA CONSULTA Y SOLICITA PRONUNCIAMIENTO TECNICO',4,'100.134.1.51',null,22,to_date('05-JUL-99','DD-MON-RR'),null,-1,30,35,365,null,null,null);
Insert into SCINVGSF.T_CONTRATO (CON_ID,CON_NUMERO,MCO_ID,CNC_ID,CON_ESTADO,CON_FECHA_ALTA,CON_USUARIO_ALTA,CON_FECHA_CAMBIO,CON_USUARIO_CAMBIO,CON_FECHA_BAJA,CON_USUARIO_BAJA,CON_TIPODIAS,CON_PLAZOCONCESION,CON_PDFCONTRATO,CON_FICHARESUMEN,CON_AVANCEOBRA,CON_ANYO,CON_FECHA_REGISTRO,CON_ASUNTO,TIN_ID,CON_TERMINAL,CON_DOMICILIO_LEGAL,CSI_ID,CON_FECHA_SUSCRIPCION,CON_DIAMES,PER_ID,CON_PLAZOREVISION,CON_CANTIDAD_PLAZOCONCESION,CON_MESOANIO_PLAZOCONCESION,CON_NOTA_PLAZOCONCESION,CON_FECHA_INI_ALERTA,CON_DIAS_ANTES_ALERTA) values (64,104,1,21,1,to_date('16-MAR-16','DD-MON-RR'),'CONSULTOR_JTI03',to_date('16-MAR-16','DD-MON-RR'),'CONSULTOR_JTI03',null,null,1,to_date('09-JUL-39','DD-MON-RR'),null,null,0,2001,null,'CUMPLIMIENTO DE LA CLAUSULA QUINTA DEL CONTRATO DE CONCESION',4,'100.134.1.51',null,21,to_date('19-JUL-99','DD-MON-RR'),null,-1,30,40,365,null,null,null);
Insert into SCINVGSF.T_CONTRATO (CON_ID,CON_NUMERO,MCO_ID,CNC_ID,CON_ESTADO,CON_FECHA_ALTA,CON_USUARIO_ALTA,CON_FECHA_CAMBIO,CON_USUARIO_CAMBIO,CON_FECHA_BAJA,CON_USUARIO_BAJA,CON_TIPODIAS,CON_PLAZOCONCESION,CON_PDFCONTRATO,CON_FICHARESUMEN,CON_AVANCEOBRA,CON_ANYO,CON_FECHA_REGISTRO,CON_ASUNTO,TIN_ID,CON_TERMINAL,CON_DOMICILIO_LEGAL,CSI_ID,CON_FECHA_SUSCRIPCION,CON_DIAMES,PER_ID,CON_PLAZOREVISION,CON_CANTIDAD_PLAZOCONCESION,CON_MESOANIO_PLAZOCONCESION,CON_NOTA_PLAZOCONCESION,CON_FECHA_INI_ALERTA,CON_DIAS_ANTES_ALERTA) values (110,17244,33,19,1,to_date('28-MAR-16','DD-MON-RR'),'CONSULTOR_JTI03',to_date('28-MAR-16','DD-MON-RR'),'CONSULTOR_JTI03',null,null,1,to_date('17-OCT-32','DD-MON-RR'),null,null,0,2007,null,'REMITE COPIA AUTENTICADA DE LOS DOS CONTRATOS DE CONCESIÓN PARA LA CONSTRUCCIÓN, CONSERVACIÓN Y EXPLOTACIÓN DE LOS TRAMOS Nº 1 Y Nº 5 DEL PROYECTO CORREDOR VIAL INTEROCEÁNICO PERÚ-BRASIL',3,'100.134.1.51',null,19,to_date('24-OCT-07','DD-MON-RR'),null,-1,30,25,365,null,null,null);
Insert into SCINVGSF.T_CONTRATO (CON_ID,CON_NUMERO,MCO_ID,CNC_ID,CON_ESTADO,CON_FECHA_ALTA,CON_USUARIO_ALTA,CON_FECHA_CAMBIO,CON_USUARIO_CAMBIO,CON_FECHA_BAJA,CON_USUARIO_BAJA,CON_TIPODIAS,CON_PLAZOCONCESION,CON_PDFCONTRATO,CON_FICHARESUMEN,CON_AVANCEOBRA,CON_ANYO,CON_FECHA_REGISTRO,CON_ASUNTO,TIN_ID,CON_TERMINAL,CON_DOMICILIO_LEGAL,CSI_ID,CON_FECHA_SUSCRIPCION,CON_DIAMES,PER_ID,CON_PLAZOREVISION,CON_CANTIDAD_PLAZOCONCESION,CON_MESOANIO_PLAZOCONCESION,CON_NOTA_PLAZOCONCESION,CON_FECHA_INI_ALERTA,CON_DIAS_ANTES_ALERTA) values (114,7753,1,14,1,to_date('31-MAR-16','DD-MON-RR'),'CONSULTOR_JTI03',to_date('31-MAR-16','DD-MON-RR'),'CONSULTOR_JTI03',null,null,1,to_date('13-SEP-35','DD-MON-RR'),null,null,1,2005,null,'CONCESIÓN RED VIAL 6: TRAMO PUENTE PUCUSANA - CERRO AZUL - ICA -. ',3,'100.134.1.51',null,14,to_date('20-SEP-05','DD-MON-RR'),null,2,30,30,365,null,to_date('10-MAR-16','DD-MON-RR'),5);
Insert into SCINVGSF.T_CONTRATO (CON_ID,CON_NUMERO,MCO_ID,CNC_ID,CON_ESTADO,CON_FECHA_ALTA,CON_USUARIO_ALTA,CON_FECHA_CAMBIO,CON_USUARIO_CAMBIO,CON_FECHA_BAJA,CON_USUARIO_BAJA,CON_TIPODIAS,CON_PLAZOCONCESION,CON_PDFCONTRATO,CON_FICHARESUMEN,CON_AVANCEOBRA,CON_ANYO,CON_FECHA_REGISTRO,CON_ASUNTO,TIN_ID,CON_TERMINAL,CON_DOMICILIO_LEGAL,CSI_ID,CON_FECHA_SUSCRIPCION,CON_DIAMES,PER_ID,CON_PLAZOREVISION,CON_CANTIDAD_PLAZOCONCESION,CON_MESOANIO_PLAZOCONCESION,CON_NOTA_PLAZOCONCESION,CON_FECHA_INI_ALERTA,CON_DIAS_ANTES_ALERTA) values (115,3912,33,9,1,to_date('31-MAR-16','DD-MON-RR'),'CONSULTOR_JTI03',to_date('31-MAR-16','DD-MON-RR'),'CONSULTOR_JTI03',null,null,1,to_date('17-FEB-24','DD-MON-RR'),null,null,1,2009,null,'REMISION DE UNA VERSION ORIGINAL   DEL CONTRATO DE CONCESION Y COPIA DE LA PROPUESTA DE POLIZAS',3,'100.134.1.51',null,9,to_date('20-FEB-09','DD-MON-RR'),null,2,30,15,365,null,to_date('10-MAR-16','DD-MON-RR'),5);
Insert into SCINVGSF.T_CONTRATO (CON_ID,CON_NUMERO,MCO_ID,CNC_ID,CON_ESTADO,CON_FECHA_ALTA,CON_USUARIO_ALTA,CON_FECHA_CAMBIO,CON_USUARIO_CAMBIO,CON_FECHA_BAJA,CON_USUARIO_BAJA,CON_TIPODIAS,CON_PLAZOCONCESION,CON_PDFCONTRATO,CON_FICHARESUMEN,CON_AVANCEOBRA,CON_ANYO,CON_FECHA_REGISTRO,CON_ASUNTO,TIN_ID,CON_TERMINAL,CON_DOMICILIO_LEGAL,CSI_ID,CON_FECHA_SUSCRIPCION,CON_DIAMES,PER_ID,CON_PLAZOREVISION,CON_CANTIDAD_PLAZOCONCESION,CON_MESOANIO_PLAZOCONCESION,CON_NOTA_PLAZOCONCESION,CON_FECHA_INI_ALERTA,CON_DIAS_ANTES_ALERTA) values (41,16028,1,11,1,to_date('14-MAR-16','DD-MON-RR'),'CONSULTOR_JTI03',to_date('16-MAR-16','DD-MON-RR'),'CONSULTOR_JTI03',null,null,1,to_date('19-AUG-34','DD-MON-RR'),null,null,1,2009,null,'DOCUMENTO DEL CONCURSO DE PROYECTOS INTEGRALES PARA LA CONCESION DE LA AUTOPISTA DEL SOL TRAMO TRUJILLO-SULLANA',3,'100.134.1.51',null,11,to_date('25-AUG-09','DD-MON-RR'),null,2,30,25,365,null,to_date('07-MAR-16','DD-MON-RR'),5);
Insert into SCINVGSF.T_CONTRATO (CON_ID,CON_NUMERO,MCO_ID,CNC_ID,CON_ESTADO,CON_FECHA_ALTA,CON_USUARIO_ALTA,CON_FECHA_CAMBIO,CON_USUARIO_CAMBIO,CON_FECHA_BAJA,CON_USUARIO_BAJA,CON_TIPODIAS,CON_PLAZOCONCESION,CON_PDFCONTRATO,CON_FICHARESUMEN,CON_AVANCEOBRA,CON_ANYO,CON_FECHA_REGISTRO,CON_ASUNTO,TIN_ID,CON_TERMINAL,CON_DOMICILIO_LEGAL,CSI_ID,CON_FECHA_SUSCRIPCION,CON_DIAMES,PER_ID,CON_PLAZOREVISION,CON_CANTIDAD_PLAZOCONCESION,CON_MESOANIO_PLAZOCONCESION,CON_NOTA_PLAZOCONCESION,CON_FECHA_INI_ALERTA,CON_DIAS_ANTES_ALERTA) values (61,13503,33,2,1,to_date('16-MAR-16','DD-MON-RR'),'CONSULTOR_JTI03',to_date('16-MAR-16','DD-MON-RR'),'CONSULTOR_JTI03',null,null,1,to_date('05-DEC-31','DD-MON-RR'),null,null,1,2006,null,'CONCESIÓN DEL PRIMER GRUPO DE AEROPUERTOS DE PROVINCIA DE LA REPÚBLICA DE PERÚ- REMITEN COPIAS DE DCTOS. Y ORIGINAL DE CARTA FIANZA Nº 0011-0384-9800053222-50',2,'100.134.1.51',null,2,to_date('11-DEC-06','DD-MON-RR'),null,2,10,25,365,null,to_date('05-MAR-16','DD-MON-RR'),5);
Insert into SCINVGSF.T_CONTRATO (CON_ID,CON_NUMERO,MCO_ID,CNC_ID,CON_ESTADO,CON_FECHA_ALTA,CON_USUARIO_ALTA,CON_FECHA_CAMBIO,CON_USUARIO_CAMBIO,CON_FECHA_BAJA,CON_USUARIO_BAJA,CON_TIPODIAS,CON_PLAZOCONCESION,CON_PDFCONTRATO,CON_FICHARESUMEN,CON_AVANCEOBRA,CON_ANYO,CON_FECHA_REGISTRO,CON_ASUNTO,TIN_ID,CON_TERMINAL,CON_DOMICILIO_LEGAL,CSI_ID,CON_FECHA_SUSCRIPCION,CON_DIAMES,PER_ID,CON_PLAZOREVISION,CON_CANTIDAD_PLAZOCONCESION,CON_MESOANIO_PLAZOCONCESION,CON_NOTA_PLAZOCONCESION,CON_FECHA_INI_ALERTA,CON_DIAS_ANTES_ALERTA) values (62,689,1,1,1,to_date('16-MAR-16','DD-MON-RR'),'CONSULTOR_JTI03',to_date('16-MAR-16','DD-MON-RR'),'CONSULTOR_JTI03',null,null,0,to_date('07-FEB-31','DD-MON-RR'),null,null,0,2001,null,'REMITE TRADUCCION SIMPLE DEL ACUERDO DE OPERACION Y MANTENIMIENTO PARA EL AIJCH.',2,'100.134.1.51',null,1,to_date('14-FEB-01','DD-MON-RR'),null,-1,30,30,365,null,null,null);
Insert into SCINVGSF.T_CONTRATO (CON_ID,CON_NUMERO,MCO_ID,CNC_ID,CON_ESTADO,CON_FECHA_ALTA,CON_USUARIO_ALTA,CON_FECHA_CAMBIO,CON_USUARIO_CAMBIO,CON_FECHA_BAJA,CON_USUARIO_BAJA,CON_TIPODIAS,CON_PLAZOCONCESION,CON_PDFCONTRATO,CON_FICHARESUMEN,CON_AVANCEOBRA,CON_ANYO,CON_FECHA_REGISTRO,CON_ASUNTO,TIN_ID,CON_TERMINAL,CON_DOMICILIO_LEGAL,CSI_ID,CON_FECHA_SUSCRIPCION,CON_DIAMES,PER_ID,CON_PLAZOREVISION,CON_CANTIDAD_PLAZOCONCESION,CON_MESOANIO_PLAZOCONCESION,CON_NOTA_PLAZOCONCESION,CON_FECHA_INI_ALERTA,CON_DIAS_ANTES_ALERTA) values (66,3335,1,5,1,to_date('17-MAR-16','DD-MON-RR'),'CONSULTOR_JTI03',to_date('17-MAR-16','DD-MON-RR'),'CONSULTOR_JTI03',null,null,1,to_date('09-FEB-03','DD-MON-RR'),null,null,1,2003,null,'OFICIO 204/2003/CI-RV/PROINVERSIÓN',3,'100.134.1.51',null,5,to_date('15-JAN-03','DD-MON-RR'),null,2,30,25,1,null,to_date('30-MAR-16','DD-MON-RR'),5);
Insert into SCINVGSF.T_CONTRATO (CON_ID,CON_NUMERO,MCO_ID,CNC_ID,CON_ESTADO,CON_FECHA_ALTA,CON_USUARIO_ALTA,CON_FECHA_CAMBIO,CON_USUARIO_CAMBIO,CON_FECHA_BAJA,CON_USUARIO_BAJA,CON_TIPODIAS,CON_PLAZOCONCESION,CON_PDFCONTRATO,CON_FICHARESUMEN,CON_AVANCEOBRA,CON_ANYO,CON_FECHA_REGISTRO,CON_ASUNTO,TIN_ID,CON_TERMINAL,CON_DOMICILIO_LEGAL,CSI_ID,CON_FECHA_SUSCRIPCION,CON_DIAMES,PER_ID,CON_PLAZOREVISION,CON_CANTIDAD_PLAZOCONCESION,CON_MESOANIO_PLAZOCONCESION,CON_NOTA_PLAZOCONCESION,CON_FECHA_INI_ALERTA,CON_DIAS_ANTES_ALERTA) values (90,20647,1,12,1,to_date('21-MAR-16','DD-MON-RR'),'CONSULTOR_JTI03',to_date('21-MAR-16','DD-MON-RR'),'CONSULTOR_JTI03',null,null,1,to_date('21-SEP-35','DD-MON-RR'),null,null,0,2010,null,'DOCUMENTOS DEL CONCURSO DE PROYECTOS INTEGRALES PARA LA CONCESION DEL TRAMO 2 DE IIRSA CENTRO',3,'100.134.1.51',null,12,to_date('27-SEP-10','DD-MON-RR'),null,-1,30,25,365,'DESDE INICIO DE LA OPERACIÓN',null,null);
Insert into SCINVGSF.T_CONTRATO (CON_ID,CON_NUMERO,MCO_ID,CNC_ID,CON_ESTADO,CON_FECHA_ALTA,CON_USUARIO_ALTA,CON_FECHA_CAMBIO,CON_USUARIO_CAMBIO,CON_FECHA_BAJA,CON_USUARIO_BAJA,CON_TIPODIAS,CON_PLAZOCONCESION,CON_PDFCONTRATO,CON_FICHARESUMEN,CON_AVANCEOBRA,CON_ANYO,CON_FECHA_REGISTRO,CON_ASUNTO,TIN_ID,CON_TERMINAL,CON_DOMICILIO_LEGAL,CSI_ID,CON_FECHA_SUSCRIPCION,CON_DIAMES,PER_ID,CON_PLAZOREVISION,CON_CANTIDAD_PLAZOCONCESION,CON_MESOANIO_PLAZOCONCESION,CON_NOTA_PLAZOCONCESION,CON_FECHA_INI_ALERTA,CON_DIAS_ANTES_ALERTA) values (111,8786,33,10,1,to_date('28-MAR-16','DD-MON-RR'),'CONSULTOR_JTI03',to_date('28-MAR-16','DD-MON-RR'),'CONSULTOR_JTI03',null,null,1,to_date('26-APR-24','DD-MON-RR'),null,null,1,2009,null,'REMISION DE UNA VERSION ORIGINAL DEL CONTRATO DE CONCESION Y COPIA DE LA PROPUESTA DE POLIZAS.',3,'100.134.1.51',null,10,to_date('30-APR-09','DD-MON-RR'),null,2,20,15,365,null,to_date('03-MAR-16','DD-MON-RR'),5);
Insert into SCINVGSF.T_CONTRATO (CON_ID,CON_NUMERO,MCO_ID,CNC_ID,CON_ESTADO,CON_FECHA_ALTA,CON_USUARIO_ALTA,CON_FECHA_CAMBIO,CON_USUARIO_CAMBIO,CON_FECHA_BAJA,CON_USUARIO_BAJA,CON_TIPODIAS,CON_PLAZOCONCESION,CON_PDFCONTRATO,CON_FICHARESUMEN,CON_AVANCEOBRA,CON_ANYO,CON_FECHA_REGISTRO,CON_ASUNTO,TIN_ID,CON_TERMINAL,CON_DOMICILIO_LEGAL,CSI_ID,CON_FECHA_SUSCRIPCION,CON_DIAMES,PER_ID,CON_PLAZOREVISION,CON_CANTIDAD_PLAZOCONCESION,CON_MESOANIO_PLAZOCONCESION,CON_NOTA_PLAZOCONCESION,CON_FECHA_INI_ALERTA,CON_DIAS_ANTES_ALERTA) values (112,3787,1,8,1,to_date('30-MAR-16','DD-MON-RR'),'CONSULTOR_JTI03',to_date('30-MAR-16','DD-MON-RR'),'CONSULTOR_JTI03',null,null,1,to_date('12-APR-34','DD-MON-RR'),null,null,1,2009,null,'CONTRATO DE CONCESION ENTRE MTC Y LA EMPRESA AUTOPISTA DEL NORTE ',3,'100.134.1.51',null,8,to_date('18-APR-09','DD-MON-RR'),null,2,30,25,365,null,to_date('04-MAR-16','DD-MON-RR'),5);
REM INSERTING into SCINVGSF.T_FERIADO
SET DEFINE OFF;
Insert into SCINVGSF.T_FERIADO (FER_ID,FER_TIPO,FER_ANYO,FER_MES,FER_DIA) values (1,0,null,1,1);
Insert into SCINVGSF.T_FERIADO (FER_ID,FER_TIPO,FER_ANYO,FER_MES,FER_DIA) values (2,0,null,5,1);
Insert into SCINVGSF.T_FERIADO (FER_ID,FER_TIPO,FER_ANYO,FER_MES,FER_DIA) values (3,0,null,6,29);
Insert into SCINVGSF.T_FERIADO (FER_ID,FER_TIPO,FER_ANYO,FER_MES,FER_DIA) values (4,0,null,7,28);
Insert into SCINVGSF.T_FERIADO (FER_ID,FER_TIPO,FER_ANYO,FER_MES,FER_DIA) values (5,0,null,7,29);
Insert into SCINVGSF.T_FERIADO (FER_ID,FER_TIPO,FER_ANYO,FER_MES,FER_DIA) values (6,0,null,12,8);
Insert into SCINVGSF.T_FERIADO (FER_ID,FER_TIPO,FER_ANYO,FER_MES,FER_DIA) values (7,0,null,12,25);
Insert into SCINVGSF.T_FERIADO (FER_ID,FER_TIPO,FER_ANYO,FER_MES,FER_DIA) values (8,1,2015,4,2);
Insert into SCINVGSF.T_FERIADO (FER_ID,FER_TIPO,FER_ANYO,FER_MES,FER_DIA) values (9,1,2015,4,3);
Insert into SCINVGSF.T_FERIADO (FER_ID,FER_TIPO,FER_ANYO,FER_MES,FER_DIA) values (10,0,null,11,1);
Insert into SCINVGSF.T_FERIADO (FER_ID,FER_TIPO,FER_ANYO,FER_MES,FER_DIA) values (11,1,2018,1,2);
Insert into SCINVGSF.T_FERIADO (FER_ID,FER_TIPO,FER_ANYO,FER_MES,FER_DIA) values (12,1,2018,3,29);
Insert into SCINVGSF.T_FERIADO (FER_ID,FER_TIPO,FER_ANYO,FER_MES,FER_DIA) values (13,1,2018,3,30);
Insert into SCINVGSF.T_FERIADO (FER_ID,FER_TIPO,FER_ANYO,FER_MES,FER_DIA) values (14,1,2018,4,13);
Insert into SCINVGSF.T_FERIADO (FER_ID,FER_TIPO,FER_ANYO,FER_MES,FER_DIA) values (15,1,2018,4,14);
Insert into SCINVGSF.T_FERIADO (FER_ID,FER_TIPO,FER_ANYO,FER_MES,FER_DIA) values (16,0,2018,5,1);
Insert into SCINVGSF.T_FERIADO (FER_ID,FER_TIPO,FER_ANYO,FER_MES,FER_DIA) values (17,0,2018,6,29);
Insert into SCINVGSF.T_FERIADO (FER_ID,FER_TIPO,FER_ANYO,FER_MES,FER_DIA) values (18,0,2018,7,28);
Insert into SCINVGSF.T_FERIADO (FER_ID,FER_TIPO,FER_ANYO,FER_MES,FER_DIA) values (19,0,2018,7,29);
Insert into SCINVGSF.T_FERIADO (FER_ID,FER_TIPO,FER_ANYO,FER_MES,FER_DIA) values (20,0,2018,8,30);
Insert into SCINVGSF.T_FERIADO (FER_ID,FER_TIPO,FER_ANYO,FER_MES,FER_DIA) values (21,0,2018,10,8);
Insert into SCINVGSF.T_FERIADO (FER_ID,FER_TIPO,FER_ANYO,FER_MES,FER_DIA) values (22,0,2018,11,1);
Insert into SCINVGSF.T_FERIADO (FER_ID,FER_TIPO,FER_ANYO,FER_MES,FER_DIA) values (23,0,2018,12,25);
Insert into SCINVGSF.T_FERIADO (FER_ID,FER_TIPO,FER_ANYO,FER_MES,FER_DIA) values (83,0,2019,5,1);
Insert into SCINVGSF.T_FERIADO (FER_ID,FER_TIPO,FER_ANYO,FER_MES,FER_DIA) values (84,0,2019,6,29);
Insert into SCINVGSF.T_FERIADO (FER_ID,FER_TIPO,FER_ANYO,FER_MES,FER_DIA) values (85,0,2019,7,28);
Insert into SCINVGSF.T_FERIADO (FER_ID,FER_TIPO,FER_ANYO,FER_MES,FER_DIA) values (86,0,2019,7,29);
Insert into SCINVGSF.T_FERIADO (FER_ID,FER_TIPO,FER_ANYO,FER_MES,FER_DIA) values (87,0,2019,8,30);
Insert into SCINVGSF.T_FERIADO (FER_ID,FER_TIPO,FER_ANYO,FER_MES,FER_DIA) values (88,0,2019,10,8);
Insert into SCINVGSF.T_FERIADO (FER_ID,FER_TIPO,FER_ANYO,FER_MES,FER_DIA) values (89,0,2019,11,1);
Insert into SCINVGSF.T_FERIADO (FER_ID,FER_TIPO,FER_ANYO,FER_MES,FER_DIA) values (90,0,2019,12,25);
Insert into SCINVGSF.T_FERIADO (FER_ID,FER_TIPO,FER_ANYO,FER_MES,FER_DIA) values (91,0,2019,1,1);
Insert into SCINVGSF.T_FERIADO (FER_ID,FER_TIPO,FER_ANYO,FER_MES,FER_DIA) values (92,0,2019,4,18);
Insert into SCINVGSF.T_FERIADO (FER_ID,FER_TIPO,FER_ANYO,FER_MES,FER_DIA) values (93,0,2019,4,19);
Insert into SCINVGSF.T_FERIADO (FER_ID,FER_TIPO,FER_ANYO,FER_MES,FER_DIA) values (104,0,2020,4,10);
Insert into SCINVGSF.T_FERIADO (FER_ID,FER_TIPO,FER_ANYO,FER_MES,FER_DIA) values (103,0,2020,4,9);
Insert into SCINVGSF.T_FERIADO (FER_ID,FER_TIPO,FER_ANYO,FER_MES,FER_DIA) values (102,0,2020,1,1);
Insert into SCINVGSF.T_FERIADO (FER_ID,FER_TIPO,FER_ANYO,FER_MES,FER_DIA) values (101,0,2020,12,25);
Insert into SCINVGSF.T_FERIADO (FER_ID,FER_TIPO,FER_ANYO,FER_MES,FER_DIA) values (100,0,2020,11,1);
Insert into SCINVGSF.T_FERIADO (FER_ID,FER_TIPO,FER_ANYO,FER_MES,FER_DIA) values (99,0,2020,10,8);
Insert into SCINVGSF.T_FERIADO (FER_ID,FER_TIPO,FER_ANYO,FER_MES,FER_DIA) values (98,0,2020,8,30);
Insert into SCINVGSF.T_FERIADO (FER_ID,FER_TIPO,FER_ANYO,FER_MES,FER_DIA) values (97,0,2020,7,29);
Insert into SCINVGSF.T_FERIADO (FER_ID,FER_TIPO,FER_ANYO,FER_MES,FER_DIA) values (96,0,2020,7,28);
Insert into SCINVGSF.T_FERIADO (FER_ID,FER_TIPO,FER_ANYO,FER_MES,FER_DIA) values (95,0,2020,6,29);
Insert into SCINVGSF.T_FERIADO (FER_ID,FER_TIPO,FER_ANYO,FER_MES,FER_DIA) values (94,0,2020,5,1);
Insert into SCINVGSF.T_FERIADO (FER_ID,FER_TIPO,FER_ANYO,FER_MES,FER_DIA) values (24,1,2012,2,13);
Insert into SCINVGSF.T_FERIADO (FER_ID,FER_TIPO,FER_ANYO,FER_MES,FER_DIA) values (25,1,2012,2,14);
Insert into SCINVGSF.T_FERIADO (FER_ID,FER_TIPO,FER_ANYO,FER_MES,FER_DIA) values (26,1,2012,4,5);
Insert into SCINVGSF.T_FERIADO (FER_ID,FER_TIPO,FER_ANYO,FER_MES,FER_DIA) values (27,1,2012,4,6);
Insert into SCINVGSF.T_FERIADO (FER_ID,FER_TIPO,FER_ANYO,FER_MES,FER_DIA) values (28,1,2012,4,30);
Insert into SCINVGSF.T_FERIADO (FER_ID,FER_TIPO,FER_ANYO,FER_MES,FER_DIA) values (29,1,2012,5,1);
Insert into SCINVGSF.T_FERIADO (FER_ID,FER_TIPO,FER_ANYO,FER_MES,FER_DIA) values (30,1,2012,6,29);
Insert into SCINVGSF.T_FERIADO (FER_ID,FER_TIPO,FER_ANYO,FER_MES,FER_DIA) values (31,1,2012,7,27);
Insert into SCINVGSF.T_FERIADO (FER_ID,FER_TIPO,FER_ANYO,FER_MES,FER_DIA) values (32,1,2012,8,30);
Insert into SCINVGSF.T_FERIADO (FER_ID,FER_TIPO,FER_ANYO,FER_MES,FER_DIA) values (33,1,2012,8,31);
Insert into SCINVGSF.T_FERIADO (FER_ID,FER_TIPO,FER_ANYO,FER_MES,FER_DIA) values (34,0,2012,10,8);
Insert into SCINVGSF.T_FERIADO (FER_ID,FER_TIPO,FER_ANYO,FER_MES,FER_DIA) values (35,1,2012,11,2);
Insert into SCINVGSF.T_FERIADO (FER_ID,FER_TIPO,FER_ANYO,FER_MES,FER_DIA) values (36,1,2012,12,24);
Insert into SCINVGSF.T_FERIADO (FER_ID,FER_TIPO,FER_ANYO,FER_MES,FER_DIA) values (37,0,2012,12,25);
Insert into SCINVGSF.T_FERIADO (FER_ID,FER_TIPO,FER_ANYO,FER_MES,FER_DIA) values (38,1,2012,12,31);
Insert into SCINVGSF.T_FERIADO (FER_ID,FER_TIPO,FER_ANYO,FER_MES,FER_DIA) values (39,1,2013,2,11);
Insert into SCINVGSF.T_FERIADO (FER_ID,FER_TIPO,FER_ANYO,FER_MES,FER_DIA) values (40,1,2013,2,12);
Insert into SCINVGSF.T_FERIADO (FER_ID,FER_TIPO,FER_ANYO,FER_MES,FER_DIA) values (41,1,2013,3,28);
Insert into SCINVGSF.T_FERIADO (FER_ID,FER_TIPO,FER_ANYO,FER_MES,FER_DIA) values (42,1,2013,3,29);
Insert into SCINVGSF.T_FERIADO (FER_ID,FER_TIPO,FER_ANYO,FER_MES,FER_DIA) values (43,1,2013,5,1);
Insert into SCINVGSF.T_FERIADO (FER_ID,FER_TIPO,FER_ANYO,FER_MES,FER_DIA) values (44,1,2013,6,27);
Insert into SCINVGSF.T_FERIADO (FER_ID,FER_TIPO,FER_ANYO,FER_MES,FER_DIA) values (45,1,2013,6,28);
Insert into SCINVGSF.T_FERIADO (FER_ID,FER_TIPO,FER_ANYO,FER_MES,FER_DIA) values (46,1,2013,7,30);
Insert into SCINVGSF.T_FERIADO (FER_ID,FER_TIPO,FER_ANYO,FER_MES,FER_DIA) values (47,1,2013,8,29);
Insert into SCINVGSF.T_FERIADO (FER_ID,FER_TIPO,FER_ANYO,FER_MES,FER_DIA) values (48,1,2013,8,30);
Insert into SCINVGSF.T_FERIADO (FER_ID,FER_TIPO,FER_ANYO,FER_MES,FER_DIA) values (49,1,2013,10,7);
Insert into SCINVGSF.T_FERIADO (FER_ID,FER_TIPO,FER_ANYO,FER_MES,FER_DIA) values (50,1,2013,10,8);
Insert into SCINVGSF.T_FERIADO (FER_ID,FER_TIPO,FER_ANYO,FER_MES,FER_DIA) values (51,1,2013,11,1);
Insert into SCINVGSF.T_FERIADO (FER_ID,FER_TIPO,FER_ANYO,FER_MES,FER_DIA) values (52,1,2013,12,8);
Insert into SCINVGSF.T_FERIADO (FER_ID,FER_TIPO,FER_ANYO,FER_MES,FER_DIA) values (53,1,2013,12,25);
Insert into SCINVGSF.T_FERIADO (FER_ID,FER_TIPO,FER_ANYO,FER_MES,FER_DIA) values (54,1,2013,12,30);
Insert into SCINVGSF.T_FERIADO (FER_ID,FER_TIPO,FER_ANYO,FER_MES,FER_DIA) values (55,1,2013,12,31);
Insert into SCINVGSF.T_FERIADO (FER_ID,FER_TIPO,FER_ANYO,FER_MES,FER_DIA) values (56,1,2013,1,1);
Insert into SCINVGSF.T_FERIADO (FER_ID,FER_TIPO,FER_ANYO,FER_MES,FER_DIA) values (57,1,2014,1,1);
Insert into SCINVGSF.T_FERIADO (FER_ID,FER_TIPO,FER_ANYO,FER_MES,FER_DIA) values (58,1,2014,4,17);
Insert into SCINVGSF.T_FERIADO (FER_ID,FER_TIPO,FER_ANYO,FER_MES,FER_DIA) values (59,1,2014,4,18);
Insert into SCINVGSF.T_FERIADO (FER_ID,FER_TIPO,FER_ANYO,FER_MES,FER_DIA) values (60,1,2014,5,1);
Insert into SCINVGSF.T_FERIADO (FER_ID,FER_TIPO,FER_ANYO,FER_MES,FER_DIA) values (61,1,2014,5,29);
Insert into SCINVGSF.T_FERIADO (FER_ID,FER_TIPO,FER_ANYO,FER_MES,FER_DIA) values (62,1,2014,7,28);
Insert into SCINVGSF.T_FERIADO (FER_ID,FER_TIPO,FER_ANYO,FER_MES,FER_DIA) values (63,1,2014,7,29);
Insert into SCINVGSF.T_FERIADO (FER_ID,FER_TIPO,FER_ANYO,FER_MES,FER_DIA) values (64,1,2014,8,30);
Insert into SCINVGSF.T_FERIADO (FER_ID,FER_TIPO,FER_ANYO,FER_MES,FER_DIA) values (65,1,2014,10,8);
Insert into SCINVGSF.T_FERIADO (FER_ID,FER_TIPO,FER_ANYO,FER_MES,FER_DIA) values (66,1,2014,11,1);
Insert into SCINVGSF.T_FERIADO (FER_ID,FER_TIPO,FER_ANYO,FER_MES,FER_DIA) values (67,1,2014,12,8);
Insert into SCINVGSF.T_FERIADO (FER_ID,FER_TIPO,FER_ANYO,FER_MES,FER_DIA) values (68,1,2014,12,25);
Insert into SCINVGSF.T_FERIADO (FER_ID,FER_TIPO,FER_ANYO,FER_MES,FER_DIA) values (69,1,2015,1,1);
Insert into SCINVGSF.T_FERIADO (FER_ID,FER_TIPO,FER_ANYO,FER_MES,FER_DIA) values (70,1,2015,1,2);
Insert into SCINVGSF.T_FERIADO (FER_ID,FER_TIPO,FER_ANYO,FER_MES,FER_DIA) values (71,1,2015,4,2);
Insert into SCINVGSF.T_FERIADO (FER_ID,FER_TIPO,FER_ANYO,FER_MES,FER_DIA) values (72,1,2015,4,3);
Insert into SCINVGSF.T_FERIADO (FER_ID,FER_TIPO,FER_ANYO,FER_MES,FER_DIA) values (73,1,2015,5,1);
Insert into SCINVGSF.T_FERIADO (FER_ID,FER_TIPO,FER_ANYO,FER_MES,FER_DIA) values (74,1,2015,5,29);
Insert into SCINVGSF.T_FERIADO (FER_ID,FER_TIPO,FER_ANYO,FER_MES,FER_DIA) values (75,1,2015,7,28);
Insert into SCINVGSF.T_FERIADO (FER_ID,FER_TIPO,FER_ANYO,FER_MES,FER_DIA) values (76,1,2015,7,29);
Insert into SCINVGSF.T_FERIADO (FER_ID,FER_TIPO,FER_ANYO,FER_MES,FER_DIA) values (77,1,2015,8,30);
Insert into SCINVGSF.T_FERIADO (FER_ID,FER_TIPO,FER_ANYO,FER_MES,FER_DIA) values (78,1,2015,10,8);
Insert into SCINVGSF.T_FERIADO (FER_ID,FER_TIPO,FER_ANYO,FER_MES,FER_DIA) values (79,1,2015,10,9);
Insert into SCINVGSF.T_FERIADO (FER_ID,FER_TIPO,FER_ANYO,FER_MES,FER_DIA) values (80,1,2015,11,1);
Insert into SCINVGSF.T_FERIADO (FER_ID,FER_TIPO,FER_ANYO,FER_MES,FER_DIA) values (81,1,2015,12,8);
Insert into SCINVGSF.T_FERIADO (FER_ID,FER_TIPO,FER_ANYO,FER_MES,FER_DIA) values (82,1,2015,12,25);
-- Unable to render INDEX DDL for object SCINVGSF.SYS_C0014939 with DBMS_METADATA attempting internal generator.
CREATE UNIQUE INDEX SCINVGSF.SYS_C0014939 ON SCINVGSF.T_CONCESIONARIO (CNC_ID ASC) 
LOGGING 
TABLESPACE TSD_INDICES 
PCTFREE 10 
INITRANS 2 
STORAGE 
( 
  INITIAL 65536 
  NEXT 1048576 
  MINEXTENTS 1 
  MAXEXTENTS UNLIMITED 
  BUFFER_POOL DEFAULT 
) 
NOPARALLEL
-- Unable to render INDEX DDL for object SCINVGSF.SYS_C0014897 with DBMS_METADATA attempting internal generator.
CREATE UNIQUE INDEX SCINVGSF.SYS_C0014897 ON SCINVGSF.T_CONCESION (CSI_ID ASC, TIN_ID ASC) 
LOGGING 
TABLESPACE TSD_INDICES 
PCTFREE 10 
INITRANS 2 
STORAGE 
( 
  INITIAL 65536 
  NEXT 1048576 
  MINEXTENTS 1 
  MAXEXTENTS UNLIMITED 
  BUFFER_POOL DEFAULT 
) 
NOPARALLEL
-- Unable to render INDEX DDL for object SCINVGSF.SYS_C0014955 with DBMS_METADATA attempting internal generator.
CREATE UNIQUE INDEX SCINVGSF.SYS_C0014955 ON SCINVGSF.T_CONTRATO (CON_ID ASC) 
LOGGING 
TABLESPACE TSD_INDICES 
PCTFREE 10 
INITRANS 2 
STORAGE 
( 
  INITIAL 65536 
  NEXT 1048576 
  MINEXTENTS 1 
  MAXEXTENTS UNLIMITED 
  BUFFER_POOL DEFAULT 
) 
NOPARALLEL
-- Unable to render INDEX DDL for object SCINVGSF.SYS_C009062 with DBMS_METADATA attempting internal generator.
CREATE UNIQUE INDEX SCINVGSF.SYS_C009062 ON SCINVGSF.T_FERIADO (FER_ID ASC) 
LOGGING 
TABLESPACE TSD_INDICES 
PCTFREE 10 
INITRANS 2 
STORAGE 
( 
  INITIAL 65536 
  NEXT 1048576 
  MINEXTENTS 1 
  MAXEXTENTS UNLIMITED 
  BUFFER_POOL DEFAULT 
) 
NOPARALLEL
